Date,AAPL,NVDA,TSLA,AAPL_vol_30,AAPL_vol_90,NVDA_vol_30,NVDA_vol_90,TSLA_vol_30,TSLA_vol_90
2021-03-05,,,,,,,,,
2021-03-08,-0.04258167364782679,-0.07256204227838821,-0.06022647211002265,,,,,,
2021-03-09,0.039872103827501,0.07737746089325495,0.17932422724092825,,,,,,
2021-03-10,-0.00919938344606708,-0.004011236826452951,-0.008228658746544238,,,,,,
2021-03-11,0.016380591175157423,0.04095060361309528,0.04611578467877202,,,,,,
2021-03-12,-0.007690070431954332,-0.010861239431604703,-0.008440322262061938,,,,,,
2021-03-15,0.02422075241779,0.026175474404647237,0.020290923457497674,,,,,,
2021-03-16,0.012589132405842873,0.007570058860545294,-0.04485056616535179,,,,,,
2021-03-17,-0.006398184405609284,0.003763647649303802,0.036168182716139544,,,,,,
2021-03-18,-0.03449195089352125,-0.047701350680724064,-0.07185483865656163,,,,,,
2021-03-19,-0.004524701448930431,0.009411834182346597,0.0026146204202717196,,,,,,
2021-03-22,0.027928412960716315,0.02619564271513071,0.02282604424611223,,,,,,
2021-03-23,-0.006930266120942847,-0.00840020212526678,-0.011755568323352674,,,,,,
2021-03-24,-0.02014286112222341,-0.03353140652167868,-0.04935891957349459,,,,,,
2021-03-25,0.0040952194423061455,-0.008761505668572719,0.015913451150282882,,,,,,
2021-03-26,0.0051802587076216055,0.02449747160038737,-0.034408922294941656,,,,,,
2021-03-29,0.0014389100624786371,0.008550382445812924,-0.012097708519675754,,,,,,
2021-03-30,-0.012340057019630497,-0.006211200092640636,0.03903004836499774,,,,,,
2021-03-31,0.018579537633043083,0.03670136685042796,0.049583238181436014,,,,,,
2021-04-01,0.006952325192914396,0.03395160047326938,-0.009295676339634342,,,,,,
2021-04-05,0.023348006092585756,0.012261242681862163,0.043339450503925146,,,,,,
2021-04-06,0.0024433959053150292,-0.00863936259070774,0.0008244917909405018,,,,,,
2021-04-07,0.013252719218751633,0.020043620188055805,-0.030297341572824186,,,,,,
2021-04-08,0.019083031183698737,0.01197619104671562,0.01891152267100398,,,,,,
2021-04-09,0.020038875673070812,0.005586606708639776,-0.009964809087227553,,,,,,
2021-04-12,-0.013288457574840566,0.05487322974036279,0.03620462421797954,,,,,,
2021-04-13,0.023961573059731657,0.030511941756724087,0.0824888647347577,,,,,,
2021-04-14,-0.017956017436142946,-0.025908184858664803,-0.040271203728141934,,,,,,
2021-04-15,0.01849051139763254,0.05489572173191714,0.008973059634595115,,,,,,
2021-04-16,-0.0025222622000969012,-0.01438873745209978,0.0012579383645946116,,,,,,
2021-04-19,0.005038178596013914,-0.03527137022587242,-0.03457440083947636,0.2978542927057674,,0.5086695917910089,,0.7738134649052957,
2021-04-20,-0.01287472761239517,-0.012479636512180613,0.006068614686242775,0.26896437346092555,,0.45389769910577693,,0.7479769190839676,
2021-04-21,0.0029266810785551255,0.012479636512180656,0.034368771227306624,0.2471550960004968,,0.40527440432615447,,0.5520393786306103,
2021-04-22,-0.01175847074417873,-0.033856536032737854,-0.03336785363602825,0.24838372157956862,,0.42111904964329294,,0.5613389792425814,
2021-04-23,0.01789204820373505,0.027964538627363044,0.013374109868292964,0.24911993308261288,,0.4133129724260052,,0.5470623460191828,
2021-04-26,0.0029765333939465997,0.01369437768955964,0.012019768586466953,0.24697031186102525,,0.41104930641553966,,0.5470814316719728,
2021-04-27,-0.0024416310008771626,-0.006497748657520007,-0.046413586234734926,0.23957963513471575,,0.4081484767212887,,0.5617410570742524,
2021-04-28,-0.006053426400469573,-0.0065402456806098784,-0.014752186569676392,0.23897457239421158,,0.4094559841287975,,0.5475226747281078,
2021-04-29,-0.0007688759413074173,0.003275469682470638,-0.025376520312178644,0.2377965611041674,,0.4094674979919386,,0.5420549916760791,
2021-04-30,-0.015268655472415057,-0.02115082150943382,0.046789882576017995,0.21766007056974038,,0.3865761651568126,,0.5161186715599165,
2021-05-03,0.008167120416955782,-0.011421017661467584,-0.03520308422408707,0.21700942162420295,,0.389452562357827,,0.5277161473091645,
2021-05-04,-0.035963184785560855,-0.03297001923756983,-0.01665122499164047,0.23249174484333732,,0.39886292160413295,,0.526250954453291,
2021-05-05,0.0019253916898728793,0.0069589703243035225,-0.003926998665252391,0.23121883376282068,,0.39758337824982193,,0.5251963108781749,
2021-05-06,0.012742069347659401,0.004842624475787991,-0.011105480231643232,0.22402678731334508,,0.3818943090014689,,0.5049912292972553,
2021-05-07,0.005287885728236333,0.01981615918746473,0.013204773049869927,0.22412369019420003,,0.38216650483232906,,0.504390093163697,
2021-05-10,-0.026157791234014887,-0.03792250341829465,-0.06659906368193282,0.23892348512079759,,0.39782292056750523,,0.5322330909997514,
2021-05-11,-0.007461510692189036,0.0028070193869840104,-0.019017929529011685,0.24035473834156607,,0.39753801475844175,,0.5340371018281701,
2021-05-12,-0.025225968736305265,-0.03930480919100583,-0.04524083931467361,0.2494278795561079,,0.4155883729184328,,0.536802022501069,
2021-05-13,0.017790382735857046,-0.006581376589297919,-0.031356684564475545,0.24895034952665027,,0.4031187312750138,,0.5195566293923582,
2021-05-14,0.0196530606772401,0.04167269640056808,0.031102367531493296,0.2543325306986695,,0.40921687182568306,,0.5298705079250834,
2021-05-17,-0.009291119149994184,-0.005645745412573238,-0.022116830112723425,0.247172896259308,,0.40823390231110623,,0.5129156548706909,
2021-05-18,-0.011346597387551846,-0.010672459890771872,0.0017666931069583549,0.2492855356310495,,0.40866857251409594,,0.513032191086543,
2021-05-19,-0.0013143844823359557,0.003570157308705261,-0.025235278756250795,0.24595402794081223,,0.4045417948912128,,0.5111544260228543,
2021-05-20,0.020825612326570736,0.038452832466142645,0.04053657417295882,0.24722613751452674,,0.41849799734217064,,0.5239297627529431,
2021-05-21,-0.014842723521707846,0.025060573256183213,-0.010071510034119602,0.24238241045560918,,0.42424327288615576,,0.5239384621045496,
2021-05-24,0.013231249480286708,0.040634686009211544,0.04306087457147305,0.24373318511093972,,0.41041290108196415,,0.5289882860822062,
2021-05-25,-0.0016140750820808254,0.0025657486814336097,-0.0029228922743825,0.2319489166928501,,0.400750801440807,,0.45980910594381613,
2021-05-26,-0.0004039261677893822,0.003197956035316293,0.02363202587517081,0.2268905518068316,,0.39324835480260145,,0.45779759537943415,
2021-05-27,-0.012439690475639236,-0.013500687218902576,0.018720846263679147,0.2211075114830901,,0.3602272289225251,,0.46135058284532426,
2021-05-28,-0.0053320334685950325,0.0474022388945839,-0.008932682578348063,0.22128087343477815,,0.38452468132549594,,0.46104335093004156,
2021-06-01,-0.0027179525029838096,0.001233806448928344,-0.0021134548430696773,0.22015324059788147,,0.3691079562265933,,0.4528470139180921,
2021-06-02,0.006248478769650319,0.03155601637406227,-0.030562816216588178,0.21941993762852371,,0.3761946151533751,,0.4578183782181688,
2021-06-03,-0.012204323986990683,0.0112861310837147,-0.0548194086417163,0.2208308575125524,,0.3759593248750474,,0.462856502446473,
2021-06-04,0.018821184301000844,0.035396790798992966,0.044704471509537734,0.22741183235296475,,0.36996499504743,,0.4816558028001531,
2021-06-07,8.14166497498337e-05,0.002277905312993867,0.010114937132178462,0.2199437914246087,,0.36393699434847965,,0.48060121458055605,
2021-06-08,0.006653708416422163,-0.009717138476933111,-0.00253158408765731,0.22093774113551432,,0.36527853281879374,,0.4776421943639218,
2021-06-09,0.003068477859812847,-0.005182850645808573,-0.008034175803678212,0.2214144948909258,,0.3649698228938793,,0.4626368584825946,
2021-06-10,-0.008013966069904264,0.0040334252319025364,0.018761717689078052,0.22181454869778935,,0.3635885592763558,,0.46694605471276196,
2021-06-11,0.009786159219404214,0.022741173311552,-0.00034425947668290666,0.22436157240551674,,0.36742265022943965,,0.46275167532747885,
2021-06-14,0.024250840586622604,0.010623527365730473,0.01270789339944277,0.23239572700993097,,0.3591834523343243,,0.44059124834729807,
2021-06-15,-0.006462312662144201,-0.012874513122049474,-0.03012379912188628,0.23168930887604275,,0.3598239445527945,,0.43776395652351335,
2021-06-16,0.003945400841087229,0.0011261262451351167,0.009117922713938024,0.20636697107660437,,0.3407514773412462,,0.43789198200451185,
2021-06-17,0.012521684971236825,0.04672462968236113,0.019207271057121906,0.20920197622162826,,0.35948759425631266,,0.4428414136502034,
2021-06-18,-0.010161894684009255,-0.0010746911297654092,0.010839689973777303,0.20856437087680887,,0.3604215579391663,,0.44383833566704306,
2021-06-21,0.014042983154229676,-0.011354542102925897,-0.004002802479890217,0.2119225582798571,,0.36309687687033765,,0.4414830311701569,
2021-06-22,0.012625263927931488,0.024175230531987203,0.004628298687162639,0.1988893234475187,,0.33976876474454726,,0.3979601793569946,
2021-06-23,-0.0021442801905744184,0.008982887352120958,0.05137506112632972,0.19732309483563762,,0.33920563508218354,,0.42080545643399286,
2021-06-24,-0.0021488880103360474,0.007859616042376703,0.03479822225653644,0.18025004513888304,,0.3060918222198092,,0.4063127120640239,
2021-06-25,-0.002230512788783432,-0.008912247718520016,-0.011763013766140838,0.17501674363184525,,0.30733597931612955,,0.3950017780066302,
2021-06-28,0.012472901495820235,0.04881523970949782,0.024740529406787358,0.1699232212812339,,0.31414110332859,,0.3918198189036838,
2021-06-29,0.01141746174738545,0.0020040086867150406,-0.011610461429113463,0.16870573407730963,,0.31132661855240534,,0.3866100924413306,
2021-06-30,0.0046504734277648205,-0.0010015023370895213,-0.0015435845090036812,0.1635440742694371,,0.30655382339702875,,0.3870083014207002,
2021-07-01,0.002242488606061336,0.010466081082802526,-0.0026517008510886274,0.16303636017879725,,0.3055813833947632,,0.3768703356163512,
2021-07-02,0.019373572520683353,0.013297413369383308,0.0014593055412176464,0.161721728695068,,0.2952531218428588,,0.36264946385591507,
2021-07-06,0.014612596894411007,0.010221554071538009,-0.028870572488773966,0.15565177017924853,,0.2923446085124592,,0.37331223340021225,
2021-07-07,0.017810992633880425,-0.015617691766786458,-0.022911247375790374,0.15851601291509693,,0.28782994137925,,0.3624988303863897,
2021-07-08,-0.009259325412796825,-0.023389969023228655,0.012578782206860185,0.16249001828236898,,0.302256096374447,,0.36343921495359166,
2021-07-09,0.013009816310834789,0.007524489978615721,0.006321886463491283,0.16394862921274914,,0.3019154111291343,,0.3581389148750669,
2021-07-12,-0.004246892000313805,0.02272825107755609,0.04286210770774919,0.15821912371491834,,0.2975451992990137,,0.37441248731917204,
2021-07-13,0.00784262330425451,-0.013277795266039113,-0.025343609760463175,0.15550310400767423,,0.281715125455525,,0.3818214132146575,
2021-07-14,0.02385287455988301,-0.020000666706669428,-0.02296760363004749,0.16265619531750578,0.23822041235807498,0.29225028136517256,0.397366738945868,0.388607799906012,0.5619879613105421
2021-07-15,-0.0045457754426868075,-0.04546237407675729,-0.004233200082201883,0.1655431500975608,0.2261228134210158,0.31921378519065213,0.3847429651244893,0.3770282736099858,0.5524490886950568
2021-07-16,-0.014112646892642923,-0.043203263008898984,-0.009870101674326039,0.16742061582485665,0.21894325606731752,0.34643079315791186,0.37368423493467656,0.3382465690825001,0.46370190178325327
2021-07-19,-0.027325073988355906,0.0336439761954427,0.003115194894018775,0.18804511632635537,0.22364862750775533,0.34500840126765236,0.37666049060288154,0.3153677216374804,0.4635547252567666
2021-07-20,0.025643341407846593,-0.009112901445661584,0.021856786325072815,0.19762424161226383,0.2258697436263311,0.3465637629548927,0.3722524756817714,0.3196298395296386,0.4584155403251637
2021-07-21,-0.00513272352008695,0.04217810205429016,-0.007934378150351643,0.19969444161523814,0.22559853734934948,0.363754937260833,0.3768105213966242,0.3208118158309523,0.45839194166764874
2021-07-22,0.009611074017832774,0.009249809012470323,-0.009244632931226881,0.20016398839534708,0.2228423112669842,0.36314655344731683,0.3751252620169486,0.3211839979639557,0.4572373865555556
2021-07-23,0.011868133889361747,-0.0020481317963549034,-0.009097723351502898,0.19738097463365253,0.22274758848136889,0.3635745946167948,0.3752401900465683,0.3192199309879629,0.45139686356373515
2021-07-26,0.0028935604067804183,-0.013416093901226687,0.02190693367923658,0.19707900041445045,0.2223111999558083,0.36233604395854563,0.3764078783123569,0.3244114323586175,0.44873387025788436
2021-07-27,-0.014971169561370727,-0.00416450367623997,-0.019717780752051713,0.1969701163372588,0.21553726645614804,0.3620355912084497,0.3663588142203005,0.3291333388855247,0.433556912604231
2021-07-28,-0.012295956778969046,0.015014519700305727,0.003390699734741785,0.20033976609247794,0.21661411113125933,0.3610092662659751,0.3666876848262394,0.3152532366807447,0.43357283545497644
2021-07-29,0.004514361902407868,0.008188377379358033,0.04585798037947463,0.20035189917897928,0.21221408897222224,0.3612596952145003,0.36492504380731927,0.33899598276020776,0.4387088355983566
2021-07-30,0.0015471170455845472,-0.008188377379358033,0.014466559867082217,0.19869354205461331,0.211693209444075,0.3382264754291956,0.3649041021629821,0.3373950046987175,0.4388930292831669
2021-08-02,-0.002321574084328833,0.012765044406769878,0.03217424184373854,0.19532027631561424,0.2085021936241688,0.3396966431589166,0.3594428712737707,0.3468972557102294,0.43388965737278723
2021-08-03,0.01252859782326149,0.0030395160178965965,8.4541573369016e-05,0.19466782913049435,0.20920100938393937,0.33735798920188276,0.3587087365709369,0.34624619067888573,0.43318994397720123
2021-08-04,-0.002786099176324637,0.023001013997128675,0.0016471337268465333,0.19357528198582558,0.20930938023702922,0.33671630472546216,0.35848820698091294,0.34634153366143977,0.4289925733159429
2021-08-05,0.0007669514059052705,0.01763886986004391,0.0052190867236903095,0.1930759108790908,0.20931893826466275,0.3391189100650669,0.35905965540048035,0.31644286433539476,0.4284117005183905
2021-08-06,-0.004750602758597641,-0.013199898329416962,-0.021985436925880866,0.1938451442130087,0.2082136073462779,0.3417959850774327,0.3598768421595352,0.3093005276964793,0.42552849523899555
2021-08-09,-0.00035020136936452347,-0.0034508291577329897,0.020767282069597933,0.19347297851949427,0.2064077338546839,0.3406510776553027,0.3561462081329438,0.3120562868599008,0.4189045123590344
2021-08-10,-0.0033681878730439075,-0.017937700686667318,-0.005309970755432076,0.19228517164857375,0.2064325505015074,0.3151601679380738,0.35464102679636766,0.3051169117632579,0.41868725060729933
2021-08-11,0.0017556800745595878,-0.011630978146860408,-0.0030469765427163296,0.1904761700321235,0.20322031362073437,0.31684836239363917,0.35533277674792735,0.3030403934578669,0.4124859071004467
2021-08-12,0.020556279381152925,0.010121543898006102,0.020181515264538492,0.1976247397391453,0.2056609508445977,0.31834350518804005,0.35485774533984976,0.30777381145918215,0.41382960535939467
2021-08-13,0.0014424565471162353,0.01400022867338966,-0.0070444842284000725,0.1976590815876984,0.2047578716248168,0.31953188537581534,0.35422863796427406,0.30861583186152536,0.41075048335993736
2021-08-16,0.013431256965114923,-0.011485769214311334,-0.044216018435778506,0.19404814216339947,0.20361767250107238,0.3186082184389856,0.35489902613369567,0.33630304356436846,0.4163869374379061
2021-08-17,-0.006181874922813651,-0.02543372089518604,-0.030271718075508124,0.1922194545199384,0.20164028340635398,0.3245204495385863,0.35821082029728113,0.33738388786189105,0.4191456281823682
2021-08-18,-0.025815900823361864,-0.021349418014478424,0.034373124409494915,0.2021956492046321,0.2052784983776158,0.32701619490723466,0.349774637006127,0.34391335906850296,0.4187063495672871
2021-08-19,0.0023048726809292842,0.03871451218069043,-0.02276879158766635,0.20013257836702644,0.20165999862414374,0.34136014935849085,0.3518974200596855,0.34986652128745704,0.3962880203570881
2021-08-20,0.010134049385842964,0.05035614654089003,0.010016926234869014,0.1987826893769954,0.19964906187592873,0.371047042487794,0.3575030911345406,0.35051464638762514,0.39121467293629436
2021-08-23,0.010169113329564489,0.053433515719354174,0.037565540361612734,0.20002107112199163,0.1981020500169039,0.3963093137882826,0.35691507903416414,0.34533703506200714,0.3961355742460989
2021-08-24,-0.0005470459655024682,-0.007789271914311807,0.0030959120552488703,0.19908674869838963,0.19802379157120148,0.394754901147175,0.35615254419081754,0.3362114424028324,0.3961706142073457
2021-08-25,-0.008517705021008832,0.01913498018601975,0.0038459147630333173,0.18855537247848017,0.19858746800416488,0.39169845570723255,0.35098192067330297,0.3278313968084988,0.39200302946708293
2021-08-26,-0.005534048434641443,-0.0063377305845491345,-0.014231638488904704,0.18877817978670805,0.19750203779334888,0.36444621162988644,0.3503101831868822,0.3309683774920216,0.39257672890780415
2021-08-27,0.007188308530667793,0.0255561991853781,0.015243485617690485,0.1851590362326297,0.19773742922443116,0.33891533878489327,0.3518684120726046,0.330819289192961,0.38908630287782375
2021-08-30,0.029986644053563327,0.002210922855070208,0.02632442266435697,0.1846931980071393,0.202262171096131,0.32984686410085945,0.3459152603279198,0.33745969098332135,0.3876231333187298
2021-08-31,-0.008524399707428139,-0.013339459693927518,0.006545596926203296,0.17364004993933826,0.20109738808340705,0.3317850224733025,0.3449583996523685,0.33335349099168604,0.38713270629057006
2021-09-01,0.004506178388750676,0.0022356369696088937,-0.002204352445861331,0.17277253383946697,0.20114770328941453,0.313816214755481,0.3446034546695262,0.33204254306722064,0.38662356944397874
2021-09-02,0.0074210602986320255,-0.0017881095510855337,-0.0023321001507182193,0.17200959363146798,0.20128947489032317,0.3140956975657564,0.34428217421160195,0.3302850939997241,0.37861318493381596
2021-09-03,0.004253911366613662,0.01993421490081711,0.0015962348626169505,0.1694441776641268,0.20092958006170797,0.316588347006796,0.344797400512401,0.3280421332642479,0.3777445505597557
2021-09-07,0.015335805872810833,-0.007926065272420716,0.026036304915595606,0.17422163083805206,0.2021866604636807,0.3141745934081184,0.3454167443655826,0.3301715430335744,0.377526695346282
2021-09-08,-0.010109716513238016,-0.014696323290197006,0.0012742406056559668,0.17070647944007666,0.20113386396769192,0.3184084088659315,0.3442342708553716,0.3222977646855663,0.36955547232885694
2021-09-09,-0.00675275654401419,-0.007203993334819208,0.0013123622412086818,0.16742774775943245,0.20136134865006067,0.3188633503832324,0.34375668036013446,0.32245595103268654,0.3645349110934556
2021-09-10,-0.033640456862426775,0.013465194469158732,-0.024948984374583164,0.19658040524250267,0.20016491684367002,0.3197899791026652,0.33817286657203294,0.3098167470696947,0.36593947963933815
2021-09-13,0.003908263742601783,-0.014369353662762091,0.009126186360878821,0.1967769528515061,0.20019778798025945,0.32240569101137206,0.33970031906159415,0.3084499295141306,0.3660948452602758
2021-09-14,-0.009626698837047832,0.004062294008878926,0.00197648451894826,0.1989378683957544,0.20022115759544062,0.32139476900077324,0.3397022198957832,0.29543448232866987,0.3655105085352549
2021-09-15,0.006130551317051813,0.004494389587839267,0.015117264495928182,0.1964640750162613,0.2002711686989473,0.32138600350673696,0.3387430462863316,0.29796808315209605,0.36570115441765505
2021-09-16,-0.0016494849100757501,-0.004494389587839326,0.001546790718298733,0.1963301568442617,0.19480627193288755,0.31712204268847033,0.33140879781947963,0.29796954098683986,0.3471851570425872
2021-09-17,-0.01846633522479007,-0.015891367336634554,0.0032839452646489732,0.20384212878922378,0.19714224665318414,0.3186480820416476,0.3332218103253895,0.2978459075088368,0.3453527354692115
2021-09-20,-0.021602171514019334,-0.03635069372550156,-0.03935660483202132,0.21278266330521403,0.19583146590475345,0.3348822940825545,0.3321513081119619,0.3138421107746554,0.3431925649908848
2021-09-21,0.0034307802931174223,0.006150953861869033,0.012534613434893765,0.21312456143829678,0.19395735840875322,0.33487777922368095,0.33160245859272114,0.3103261280854562,0.338809982056523
2021-09-22,0.01669889507432345,0.03248545514448831,0.016857835199535265,0.21873198421447448,0.1932381934888323,0.34123557691229545,0.32906501971182783,0.312940186578985,0.33627667667606015
2021-09-23,0.00671378142517796,0.024358443832040656,0.002231699009374712,0.2195372839133716,0.19255874354344144,0.3435691355285872,0.3301948203884484,0.3125867286285707,0.33364676683099825
2021-09-24,0.0006271121691079974,-0.017986096369781938,0.02717409126885347,0.21092602764084115,0.1913012799420271,0.3491208586472931,0.3314110160121822,0.31673290808096694,0.3360870051947692
2021-09-27,-0.010644358204519444,-0.01924017207365145,0.021689998071279762,0.21288711909769012,0.19236893768125043,0.3536728190578859,0.33388970946421664,0.32027666729429033,0.33399070606036874
2021-09-28,-0.024083814560542722,-0.04541934851956972,-0.01759194857205133,0.21871103225711316,0.19440820196201236,0.37805366754780795,0.3394075384412426,0.29420065348083574,0.330014261719061
2021-09-29,0.0064697228042290495,-0.009239064018294368,0.0048111248816920865,0.21972872529601578,0.192684736504113,0.3709748444993626,0.3381954183183182,0.2754884676465405,0.3292675650284607
2021-09-30,-0.009358645801454546,0.009722974020478841,-0.00751549988798634,0.2089281371935258,0.1924847285380218,0.3650291935067085,0.3324901903189063,0.26362039763628237,0.32278428730264386
2021-10-01,0.008068045493253751,0.0014503265776464615,-0.00030953763063929933,0.2104129198672311,0.19276433241389118,0.348793385372541,0.33250096144666746,0.2516087015135841,0.3226842674996146
2021-10-04,-0.02484329118245748,-0.05002280762028914,0.008093777322527284,0.21868310795008647,0.19765762858932373,0.3481083842883605,0.34419328213528944,0.25131649845510895,0.32088105397161487
2021-10-05,0.0140230168207492,0.03591408417071914,-0.0011906820941581498,0.2208366139788128,0.19750594590245366,0.32702676583370266,0.3475861993728603,0.23149690100798503,0.3197744024126461
2021-10-06,0.006290010977879308,0.012174486869739093,0.0027632808494905143,0.22210516657591495,0.19735189463288466,0.3292597544143678,0.33978186287081646,0.2315018881312599,0.3192025920771475
2021-10-07,0.009040096003290038,0.017750526023115932,0.013778621670005983,0.2232780694779859,0.19762633351851064,0.32852216868239503,0.34070254928050325,0.23347814055715924,0.31966006999292895
2021-10-08,-0.0027177816757305065,-0.011477887844686977,-0.010297030396120427,0.22294739633996943,0.19759849057591733,0.32948302879400976,0.33804834698629777,0.23112553104348424,0.3154651000589382
2021-10-11,-0.0006447684430128989,-0.0067567824628798736,0.008177904499027593,0.22157953566618024,0.19627096020425275,0.3192209294046428,0.33805477630381076,0.22897904742170888,0.30006613840843943
2021-10-12,-0.00914300311056381,-0.0009689923238813396,0.01723824490479004,0.2016565511451346,0.1949078347845816,0.3189033463103121,0.3333900903367986,0.22255018555975112,0.29284534967323833
2021-10-13,-0.004276143497242638,0.013002831887604852,0.0066428166265547406,0.20095210303785163,0.19512229468870973,0.32068688335250856,0.33391595939790375,0.22256288387348772,0.2926739223970532
2021-10-14,0.020061790939534477,0.03756310157564852,0.008874545015448735,0.21048805633603618,0.1974462114567772,0.34067542841426574,0.3385892978831296,0.22251957115412738,0.2926577458962619
2021-10-15,0.007447107008711498,0.005514719858511001,0.029761306641546567,0.21049816731738408,0.19768570110790726,0.3411938073304647,0.33837981809794104,0.23419451767736843,0.29530498726687837
2021-10-18,0.01180120467501519,0.016364001517296216,0.031628588614243246,0.21355129099179265,0.19777587198549954,0.3394610023278924,0.3391593557258649,0.24659441832622428,0.2979239230139741
2021-10-19,0.01497116956137068,0.002701487460160518,-0.006745913185401065,0.21330073664490537,0.19856589180242226,0.3389517732816352,0.33746044927398333,0.24133903987456673,0.29837708065748336
2021-10-20,0.003296706282491803,-0.008126455557025165,0.0017687150217795596,0.21226011358811078,0.19490272378212967,0.33710136974228516,0.33763784879985376,0.24128411262797356,0.2980212383929033
2021-10-21,0.0015073658215562019,0.02639383810368654,0.03205184016563383,0.21175973116841504,0.19443528558051124,0.34513010450051007,0.33904082035315464,0.25375426499374903,0.2961646756922644
2021-10-22,-0.005285751108716297,0.0013236269305083458,0.017398106959147997,0.1884527275221731,0.1947332398473432,0.3430381061241473,0.3390383712684447,0.23862738577092676,0.2968580755874075
2021-10-25,-0.00034419853711229316,0.019214564944625454,0.11920741474536227,0.18807689353884718,0.19385885840133033,0.34430624395540316,0.3319778155632356,0.4033657270865571,0.3527518569968431
2021-10-26,0.004533908982604966,0.06488988673708856,-0.006283973108438529,0.18638207740797352,0.19294460133542307,0.3903167447928368,0.34798431907944277,0.4056258399524999,0.353201388316253
2021-10-27,-0.0031578250995713047,-0.01100479824210928,0.018879220843343907,0.18578664132805028,0.19192690024955655,0.3925578251972923,0.34794356605755744,0.4061486107198491,0.3535416280577276
2021-10-28,0.024719444181889032,0.019882984080344425,0.03705598730871452,0.1990486018799327,0.19498554779492905,0.3948649919499139,0.34728239533608196,0.4122860180289755,0.357403789448341
2021-10-29,-0.01834541211520216,0.02460441577421941,0.03374091186461236,0.19894697803793612,0.19769927115691371,0.39474834965042804,0.34901186254832867,0.41627944936022854,0.35225552991111664
2021-11-01,-0.005617992304223261,0.010140492510553671,0.08149795193213105,0.18839123650324033,0.19795470606283155,0.37475377573494545,0.34911768255278636,0.4318501385665994,0.3712675489912651
2021-11-02,0.007119904110307457,0.022257250323097638,-0.03072589319462245,0.18904341171227146,0.19810858934068917,0.37744192456515685,0.34992724436535355,0.45323269585683224,0.3752280939445032
2021-11-03,0.009707825467380592,0.00718475391669,0.03508514119361224,0.18520528663845176,0.19772249602112685,0.3697874092129101,0.34154291489904476,0.45682225260086456,0.3770714986359814
2021-11-04,-0.0035192239894458513,0.11383991212794746,0.013135631240269825,0.18496347275276562,0.19714043181274954,0.48158071797158886,0.38849591201565675,0.45506391776960675,0.37601604642618525
2021-11-05,0.0035867801455261947,-0.0016826522563404694,-0.006386670920495958,0.18512111346107496,0.19709496688350178,0.47581131225666795,0.3885244952941349,0.45849459613598464,0.37639915337266266
2021-11-08,-0.005554817155478931,0.03475444933478135,-0.04959444470407381,0.182908416522622,0.19740276558716033,0.4727698637075655,0.3917087823142751,0.4948444475685478,0.38766498518140147
2021-11-09,0.0024425007054363367,-0.00489157994763771,-0.12772198388376235,0.1664748096465419,0.19497101590840987,0.44390812912347394,0.3917584655831033,0.6363817720679026,0.44758158838874823
2021-11-10,-0.019294523022253426,-0.03967848381817626,0.042493662717401307,0.17698125193151312,0.19645001002618623,0.4654524260105501,0.3985275661114917,0.6434757568171251,0.4484177012943787
2021-11-11,-0.00034548281566657425,0.031142647355853856,-0.004166203526424683,0.17420717769701496,0.1942531190796649,0.4686438037065602,0.3997142848165337,0.6427374823662958,0.4461634872935658
2021-11-12,0.01420410198566942,0.0,-0.028701342038981937,0.17709590008766526,0.1949557542310794,0.4689672708296585,0.3970094233244089,0.6520969390929277,0.44965879743942344
2021-11-15,6.813149380936379e-05,-0.0122741630514709,-0.0195529995595005,0.1583493478439272,0.1938121791241914,0.43672532460747376,0.3979923408097146,0.6575454101911227,0.45154090492155613
2021-11-16,0.00665446877406778,0.005990034549330743,0.039983276998045124,0.15511826736515857,0.1939303863177239,0.43226133277034434,0.39680363744055075,0.6629911292379532,0.4508793078008605
2021-11-17,0.016378403439049827,-0.03168448392411334,0.031965552893105764,0.16004673293761892,0.19536342135496376,0.4512571899087629,0.4002922587475268,0.6656058064532053,0.4502339887422647
2021-11-18,0.028096898790224565,0.07930481695329031,0.006753999811597449,0.17545412976762262,0.19691558227939246,0.49204891980805887,0.4174880772025037,0.6656629301517079,0.4476672288327272
2021-11-19,0.016817907141316566,0.04060684958134278,0.0364321400622158,0.17875727481790352,0.19855330476629507,0.4921521905147026,0.41273062562722745,0.6665874216035554,0.4502631727971189
2021-11-22,0.0029237928411297172,-0.03178789478690289,0.017263454472585864,0.1782622757777625,0.19694568838225426,0.5070314511086161,0.4092930138658813,0.6666157836087516,0.44980953436306254
2021-11-23,0.002472189145389073,-0.006606914075741175,-0.042214662049238884,0.17391899066152675,0.19099428371059823,0.5087850394601687,0.4072100932439486,0.6850612379784236,0.45711282401350034
2021-11-24,0.003223668289001811,0.028933422855002607,0.006256087711135693,0.17200226653608033,0.18657708019368596,0.5105246546380016,0.40823136464729665,0.6850818159539025,0.4563253439917074
2021-11-26,-0.03219258440196782,-0.03653802224022185,-0.031013623421735057,0.19636037375434198,0.1944928619085929,0.5267656423293665,0.40986545449193296,0.6956468313525522,0.4599161805245327
2021-11-29,0.021661496781179467,0.05777668464458255,0.04965597423101497,0.2033889708623332,0.19705440075932226,0.5424100002683658,0.41910172511156096,0.7030796048893453,0.4650753089974439
2021-11-30,0.0310808254647024,-0.021238662404360613,0.006810528697602414,0.21748201626971625,0.2025976766499151,0.5519121301502589,0.4213590654221701,0.7001097454279591,0.46435245207622433
2021-12-01,-0.003220016405361616,-0.03876696759864089,-0.04444938019753733,0.21593675441991056,0.20271286321387885,0.5712828971958067,0.42671810263204935,0.7158958642728536,0.471302378963404
2021-12-02,-0.006096821174868955,0.02175712497882025,-0.00955232787508142,0.21770520111342495,0.20125303719021417,0.5689380294019468,0.4272726685340299,0.71748683742416,0.47005752224346703
2021-12-03,-0.0118010282971448,-0.04562922633672312,-0.06635283254317707,0.22194844528001226,0.2011603968569564,0.5914597561459806,0.4355059248636096,0.7444173540389487,0.48530057471598337
2021-12-06,0.021241505837968227,-0.021449428170232168,-0.00586964006962934,0.22691804939186724,0.20385690938298548,0.5980292055506815,0.43771743345228575,0.7438951232434398,0.4806674255853047
2021-12-07,0.034867477633992436,0.07639259951583924,0.04146637269979682,0.24393506828891073,0.21139134457299272,0.6284520471492455,0.4532649900149077,0.6691445955889597,0.48437294426500443
2021-12-08,0.02249010177157495,-0.01871545581135591,0.016240277714656783,0.24928624923652967,0.2140778129517182,0.6129160352178423,0.4549238672448191,0.6702375978099302,0.48254692525622966
2021-12-09,-0.0029813250972007786,-0.04277867247005533,-0.06289341495633384,0.2492344017239445,0.21350828368328217,0.6283895468967347,0.461974603113103,0.69343382898509,0.495530041108843
2021-12-10,0.027656853551046905,-0.009575770710530267,0.01309381691772738,0.25135351188680727,0.21764725262433693,0.6290885869383541,0.46155475987563827,0.6854040779697966,0.4957559832738267
2021-12-13,-0.02088863820490812,-0.06972780827990893,-0.05104337180791792,0.2535448623131603,0.22105583204527318,0.6637937056591577,0.4773571491010245,0.6911068929605253,0.5042242968923104
2021-12-14,-0.008057026303679882,0.006029456109931491,-0.008228959844943621,0.2545601132957389,0.2214112102503946,0.6635289623465265,0.4765407926192882,0.6409232697024466,0.5027902637548138
2021-12-15,0.02809108533679582,0.07228776738380384,0.018082777973264314,0.26298574063472263,0.2256396301230327,0.691342971822101,0.489997491359935,0.6413153634869336,0.502549328732018
2021-12-16,-0.04006233253329045,-0.07052129456975083,-0.051595866985033656,0.29453944357727513,0.2363460348717823,0.7248513699653245,0.5045050290546955,0.642148611882827,0.5107422197938947
2021-12-17,-0.006487538749546719,-0.02068547364998162,0.006098465248931901,0.29535147130595374,0.23676085561551327,0.6452584584023939,0.5055222736628514,0.6403630347000822,0.510666796792501
2021-12-20,-0.008154011243401297,-0.0028870463936089496,-0.03562684428753849,0.29752674470954316,0.23518714000561225,0.6452577480862032,0.5055324685931064,0.6448290430759609,0.5138984417201591
2021-12-21,0.018903929166948885,0.04763645365720721,0.04197607196619712,0.2992545501777887,0.23698871991119214,0.6527313214116663,0.5105838235121155,0.650803547273975,0.517866837345705
2021-12-22,0.015184228418661596,0.010966525258793804,0.07228200521537141,0.3007104476983195,0.23725310498720567,0.6537212259041767,0.5100303263116441,0.5834795656674396,0.5244475732315126
2021-12-23,0.0036588593828183608,0.008146684567818108,0.056029451712171816,0.29176800021951205,0.23690014612204593,0.644003669811367,0.5075751519285898,0.5933773889043626,0.5282157290156247
2021-12-27,0.022696985322544317,0.04333404964783663,0.02493465476928809,0.2951423625808982,0.23478868756425186,0.6500342756327712,0.5097181984225044,0.5975934799580126,0.5269765203067084
2021-12-28,-0.005797117684325958,-0.020605798570280408,-0.005031145917065491,0.2963632612786029,0.23518274489013385,0.652939187797037,0.5084036942325044,0.5912954327193931,0.5251496371041665
2021-12-29,0.0005128643586216584,-0.010631329368727621,-0.0020968995653786867,0.29628938580745273,0.23481972091981512,0.6526898262300228,0.5031250292519919,0.5879907910971485,0.5252349870368354
2021-12-30,-0.0065731424685855295,-0.013788683235650993,-0.01469059862467631,0.2984930014788483,0.23486966184223154,0.653623286766944,0.49698440213823,0.5788329339343744,0.523392729233165
2021-12-31,-0.0035617892540984303,-0.006114149481725876,-0.012749806018971849,0.29778450324638794,0.235014631866228,0.6472543023110717,0.4968863097478783,0.5721732647954024,0.5241942951473073
2022-01-03,0.024670153550045294,0.023902838050722842,0.1269199924895458,0.2956183398797587,0.23739089587968054,0.6070641381809687,0.4973793910660454,0.6818158877167368,0.5628284221685378
2022-01-04,-0.012770699640304695,-0.027999805201673812,-0.04273248569698986,0.2975480565757497,0.23837283454699973,0.5980378727612002,0.4998931776584521,0.6866769850277648,0.5677015154273547
2022-01-05,-0.02691727594773838,-0.059193043524231034,-0.05495342919260885,0.31055878713052626,0.24313887178035645,0.6141747690760203,0.5091652707417162,0.7029405873801584,0.5763736460427742
2022-01-06,-0.016849697569498025,0.0204785313435407,-0.021767557251645944,0.3157213858903907,0.2403960343158349,0.618513084345442,0.5100825512925117,0.6952421329729135,0.576885647068055
2022-01-07,0.0009501752600378554,-0.03363180829808482,-0.036090087543889295,0.3157209365899939,0.23982089956252145,0.6161643042735869,0.512978410196146,0.7020109757890024,0.5807887647057781
2022-01-10,0.00011870845218132303,0.005867270223610767,0.029900217439198042,0.2987058706990183,0.23977304781381517,0.610164836736745,0.5130154581131474,0.7029149460529216,0.5823461913562898
2022-01-11,0.016656751896876154,0.014879606770613507,0.005908060887664991,0.29634908224038786,0.24092886561989682,0.584141584872919,0.5134044233099425,0.6869124101757954,0.5822532264615968
2022-01-12,0.0025650008233553388,0.006463218190212064,0.03853753820682033,0.2841004347021863,0.24089012171701205,0.5834100615516565,0.5125965890303795,0.6966147724912349,0.585068209147822
2022-01-13,-0.019221752720231605,-0.05216018851115405,-0.06988627287639954,0.29037223401242857,0.24218615013821324,0.5913530815264381,0.5203702286087176,0.7140395313692973,0.596996159140931
2022-01-14,0.005150225976315861,0.013855304963111494,0.017356141149508248,0.28965480714605274,0.2415378755589758,0.5886138497914318,0.5200055548811401,0.7158197745391182,0.5974328409198831
2022-01-18,-0.019075447258752966,-0.03944386932633511,-0.018374545252949508,0.29337579292703775,0.24356322664712704,0.5852458890438235,0.524415831832806,0.6908822502352793,0.5985606567997265
2022-01-19,-0.021289046829227703,-0.03263509591567318,-0.03441365386631955,0.2945268205374717,0.23941699650498904,0.5887563591842937,0.5271603854973135,0.6980868984980858,0.6000402155329652
2022-01-20,-0.010381999073041466,-0.037463664542155724,0.0006325587210334375,0.2768917637628454,0.2401580506335596,0.5407727243315348,0.5304992727452521,0.6867230371822234,0.5999771590295085
2022-01-21,-0.012879202719189601,-0.03247175446327082,-0.054008671253070385,0.2693289398400869,0.24062964868480693,0.5441971279514495,0.5334082936834482,0.7007206200661666,0.6075815506686285
2022-01-24,-0.0048569811947402,0.0,-0.014825047784855579,0.26941265028411066,0.24067378472213433,0.5360622400838353,0.5333672450896343,0.6792218349896294,0.6079058158143366
2022-01-25,-0.011446865847807639,-0.04605067097425525,-0.01256244914302199,0.254730585841534,0.24152647977425612,0.5468037313671387,0.5389728540396628,0.6781579359013036,0.6084138380358928
2022-01-26,-0.0005757973352520024,0.019996222805368558,0.020498616231991413,0.2496913513480331,0.23932922038082663,0.5230622308917081,0.5393145723497725,0.6660742824169533,0.609186304763079
2022-01-27,-0.002948153131950236,-0.037199001041996735,-0.12276791691557654,0.24926526278909625,0.2363566010113588,0.5286220725271368,0.5394802642098803,0.7537999233577481,0.6405338971028418
2022-01-28,0.06744267611743676,0.040273899137940106,0.02059196468739365,0.310515702275263,0.2610382224847437,0.49304091811716066,0.5435115774351165,0.7544975544040801,0.6410717264264164
2022-01-31,0.0258231701575155,0.06946059834299949,0.10143961053238099,0.2982782043837121,0.2629399134328208,0.5093646429507781,0.553051220350735,0.8008747532087443,0.6620874273493824
2022-02-01,-0.0009944719881274959,0.006118721924706588,-0.005845903649321006,0.2975864874022738,0.26286723040007565,0.5080795574385498,0.5517310301306623,0.8008780680364416,0.6622326188184128
2022-02-02,0.00705686304159348,0.02410723413641775,-0.02786350660968707,0.29693280465577854,0.2629963608458442,0.514589144195426,0.5521219134970642,0.7981926380832407,0.6627949051498477
2022-02-03,-0.016879026994361276,-0.05256863142705392,-0.01616223781160107,0.29647819566756184,0.2640507576549137,0.5106243684684354,0.5584445131020157,0.7894966765054509,0.6625953027122237
2022-02-04,-0.0016563150784512449,0.015362560801044998,0.03545227596598049,0.2929715518113006,0.2604334479282528,0.5120856820116738,0.5533423739493543,0.7663733205303149,0.6642515879585068
2022-02-07,-0.004271735952912141,0.016752179298677117,-0.01743677621480782,0.2928763134810574,0.2605541741429297,0.5147989491855127,0.5535847503035541,0.7465625256216109,0.6650191172217214
2022-02-08,0.01832211259073276,0.01527975043073524,0.016006114289757862,0.2900818428441302,0.26123150371338155,0.4975516429661717,0.5538800392899259,0.7438532823953338,0.6652647393657619
2022-02-09,0.008255380876477703,0.06151620114393121,0.010809166730972533,0.29091589566082554,0.2612432393391741,0.5336187098429108,0.5627172398886099,0.7453922948375374,0.6654192349571375
2022-02-10,-0.02390552085355448,-0.03357812594757976,-0.029894906614773616,0.2986669416158931,0.26097108429009847,0.540113887820966,0.5590063418973235,0.7487421018388202,0.6674748051017944
2022-02-11,-0.020427822690098015,-0.07533256572680877,-0.050504620540063015,0.3034397069469768,0.26298339302490165,0.5770096315949098,0.5713132509494258,0.7594316822965538,0.6731403834558428
2022-02-14,0.0014514668408535146,0.0133002791874812,0.018148063709375398,0.3035341435928508,0.2628850705608717,0.580019245902177,0.5713744948522799,0.7627748815246645,0.6737415476075803
2022-02-15,0.022882379635336837,0.08769927685853939,0.051930252352739,0.3022295256832124,0.26495340179040683,0.6357769437195565,0.5886427245104802,0.674899407439763,0.6787566360419429
2022-02-16,-0.0014186076383081248,0.0007561437033240965,0.001040176923847623,0.300397882377467,0.2648952769698491,0.63190408178253,0.5881733763059339,0.6676389952146279,0.6784556533762042
2022-02-17,-0.021463771997028796,-0.07859502842778328,-0.05228554465286991,0.29675202691723057,0.2677866127214107,0.6490803331259065,0.6035203571689929,0.6660272384492317,0.684363695740702
2022-02-18,-0.00941140557310867,-0.03579241822746185,-0.022362384317426556,0.29409906252111556,0.2678183095089327,0.6511514487257741,0.6067902433972691,0.6661424006846158,0.6849315869749626
2022-02-22,-0.017974138946181193,-0.011078085173154565,-0.04225829821255274,0.2981615343641695,0.26968573846325744,0.6460479748796633,0.6068349973162328,0.6686991797342978,0.6886052860115396
2022-02-23,-0.02624194883812968,-0.04378983321735533,-0.07253613907310516,0.3065784624854559,0.27189904160557804,0.6547024555405089,0.6083091565024856,0.684708424088634,0.6990772129072924
2022-02-24,0.01656797730973313,0.05909625450003089,0.04694113288658115,0.3065306396249297,0.2729165531976095,0.6794670449697329,0.616160775467116,0.7035074418326807,0.7017869731155325
2022-02-25,0.01289858054851554,0.017151644051994125,0.011324811839799888,0.30943253757535194,0.2730419692721256,0.6817732506176947,0.6162180876861133,0.6916867926536611,0.6999692171614568
2022-02-28,0.001608413585224491,0.00949439536630143,0.07208976523555036,0.3052481527490947,0.27206656109917404,0.6679229558006162,0.6163782861860885,0.7077831210567539,0.7104247497600459
2022-03-01,-0.011688767749897957,-0.038103835039676785,-0.006986505089593926,0.30603042540800485,0.27289218383689173,0.6735766465415582,0.6196677553404385,0.7044123253555765,0.7105168323033006
2022-03-02,0.020366546302934625,0.03150859266694227,0.01781891596224313,0.30815555305789294,0.2748049909421294,0.6730648324293824,0.6203277114526153,0.7069045561926571,0.7090955615020827
2022-03-03,-0.00196282955737379,-0.02131742166075397,-0.047263883228285036,0.3019084455102298,0.27463803269225834,0.669410924683254,0.6214219259321805,0.712467920711831,0.7128031661192221
2022-03-04,-0.01859135160866886,-0.033071512965698685,-0.001180278754302057,0.30529032129832856,0.2766315972014408,0.6674986624058223,0.6231141375170061,0.7123473854026634,0.683220233126278
2022-03-07,-0.023992288661944715,-0.07196046444966821,-0.041056129456121214,0.3109380991525857,0.27972016738497857,0.6926540264098026,0.6247715228865316,0.7056811464064999,0.6862748064820894
2022-03-08,-0.011729205809002765,0.007945823530138351,0.024347875803497218,0.31239000377000303,0.2804259932899393,0.6933374480927849,0.6247708380191473,0.7102162465320583,0.686820660404286
2022-03-09,0.034407063711799656,0.06706674706034296,0.04106650610957606,0.32678532068631017,0.2832344324204938,0.7092829147052265,0.6342423571386214,0.7215275409068518,0.6875080701379219
2022-03-10,-0.027559049354186252,-0.01535454601303241,-0.024358252456952025,0.33690079694375935,0.2854056403529811,0.7084624358418206,0.6332177701380006,0.7209612717431446,0.685704448245933
2022-03-11,-0.024242031655195267,-0.0250684568626181,-0.05256926032256554,0.34398772234912633,0.288252722471442,0.703808825609114,0.6341510728085896,0.6449391554549502,0.6754591113682276
2022-03-14,-0.026875071578050618,-0.035528534919968255,-0.03711671206362197,0.2846206502775287,0.29161949417339117,0.7006257237623246,0.635333582773999,0.6495222732309335,0.6762419040840763
2022-03-15,0.029181117732581346,0.07420861796442509,0.0453057815302426,0.2878320291375356,0.29523889509107143,0.7049723052842547,0.6479607550645758,0.5883523061089251,0.6781588843637745
2022-03-16,0.028609521561952168,0.06418411905106788,0.04670365350153686,0.30286295957123416,0.29893653564148376,0.7304979079152912,0.6279242460776304,0.6072450313972094,0.682954746014508
2022-03-17,0.00643867968801897,0.010982416668608927,0.0366315645373053,0.30269061251606993,0.29905398325759047,0.727689429193269,0.6283099486531443,0.6134316825373983,0.6863557594583679
2022-03-18,0.020752851442470587,0.06613009371955078,0.03805770515003305,0.30728651936760026,0.30073629564396753,0.7353461406028892,0.6356623012932459,0.6220673366676616,0.6854512176590694
2022-03-21,0.008490646279246191,0.010546237107391925,0.01724605444165973,0.30870943734390055,0.30099020560616957,0.7347935242563967,0.6359667541779519,0.6153876003942572,0.6527775168670849
2022-03-22,0.02058402191963995,-0.007899232347625334,0.07610425680027724,0.3150297094300353,0.30075897667589113,0.7343067851115559,0.6327823707549175,0.651138688968947,0.6615076742026684
2022-03-23,0.008188377379358033,-0.03418808089711009,0.0051477453110344885,0.3110974908509037,0.3009510591538797,0.7407043426425179,0.6327816373368855,0.6500193323284148,0.6615569617358923
2022-03-24,0.022412891231167,0.09356792616800265,0.014694531260678212,0.31735836337493273,0.30223696659983723,0.7688631501423429,0.6526308009090415,0.6505390032906111,0.6603391611999126
2022-03-25,0.003745541922032263,-0.016505577440231015,-0.00323035029372603,0.30960198537660133,0.30224447489946304,0.763617691671569,0.6528789159090541,0.6434428448663279,0.6595498571887736
2022-03-28,0.005011081456802439,0.018993582988812117,0.07728971171059465,0.30337570774661554,0.3021808453038284,0.7283734654918641,0.6536293889453487,0.6563712808529755,0.6688470493165378
2022-03-29,0.018941813916950035,0.015498725173737666,0.007036594532745576,0.3076326801981995,0.30256382705704943,0.7286064256697974,0.6520733419297599,0.6556616557492171,0.6668118797142133
2022-03-30,-0.006637698895845931,-0.03449230816254975,-0.005087677485953808,0.3020085660412385,0.2995574089751609,0.6941460516702276,0.6404739995601524,0.6428519315336224,0.6667720683774545
2022-03-31,-0.01795796390588558,-0.014577517618157643,-0.015086076183014085,0.3068990707421059,0.3001191139815759,0.6957057810009275,0.6368500446868971,0.6455578204445155,0.6643648079348958
2022-04-01,-0.0016965517276077715,-0.021522166530748947,0.006465689279365693,0.29993263886242094,0.3001325360086101,0.6576093152648222,0.6357259125748274,0.6221709987612378,0.6637883377815682
2022-04-04,0.023379341578457346,0.024088620735050952,0.05460426765910313,0.30500334925578076,0.3024732608010881,0.6498720698410766,0.6371680729368292,0.630428021441266,0.6664154107205005
2022-04-05,-0.019114195327120324,-0.05339614172216736,-0.04848247488081096,0.30567408413364766,0.3043388618587324,0.6701518004487195,0.6408615763541056,0.6351238158171163,0.671320484778032
2022-04-06,-0.018595333980067224,-0.06091435092175007,-0.04257037198450246,0.3002666267346695,0.3009870913399082,0.6823692186871994,0.6457996188351863,0.6068118146605251,0.673096229384594
2022-04-07,0.0017803102441254347,-0.007830248126304538,0.010927199639384757,0.29723171613702987,0.29896031672039736,0.6617188504191626,0.6376443199031618,0.5968951430298546,0.6680456879812225
2022-04-08,-0.011989049392746816,-0.04614575307549297,-0.03051010868461302,0.29796006223364907,0.2952765714750675,0.6733343086504917,0.6409526305589722,0.6078533734461963,0.6697573094540726
2022-04-11,-0.02583337702617107,-0.053393464086118364,-0.049534963594560416,0.307954232600655,0.29845415839866046,0.6889358592532789,0.6436708769794862,0.5983262697289343,0.6707400166216115
2022-04-12,0.011448987825531009,-0.01891636566309081,0.011218384782601103,0.30754066441136196,0.29886972726289057,0.6827907397502523,0.6426592853442814,0.5977969004243837,0.6709150702334551
2022-04-13,0.016242847215836922,0.031632249988393354,0.03526949315763773,0.3054977947986591,0.29934487684331074,0.6828450009715249,0.6416465761512763,0.6033096493511093,0.6644256975094981
2022-04-14,-0.030466617151607114,-0.043344728693246036,-0.03724725163346958,0.31859549072667215,0.3017378579276651,0.6909417606685727,0.64441156180355,0.5964282952429348,0.6672897361848276
2022-04-18,-0.0013593674856512677,0.02420974850722623,0.019394656996492902,0.31382511719081985,0.29592210240809685,0.689684652410502,0.6318081356319222,0.5974550213246133,0.6643969215687058
2022-04-19,0.014060093476578314,0.01913498018601975,0.023499930094710787,0.3074534060000738,0.2944089058216896,0.6589298199926985,0.6325572990293745,0.5823576837131075,0.6650259996269369
2022-04-20,-0.0010369964634415912,-0.03303052567648172,-0.050844969915957966,0.30496066053949233,0.29438017957380264,0.6660049015463338,0.6310737373280703,0.6045640325416634,0.6621211101088633
2022-04-21,-0.00483314391005885,-0.06205404780990932,0.031815852907356106,0.2895544695352854,0.2905886922496565,0.658004253050709,0.6384783809049301,0.6004376737670457,0.6639319845908835
2022-04-22,-0.028237462912530476,-0.033815990178302856,-0.0036944387152415626,0.29013594988235614,0.2922807574064563,0.6628409459753691,0.6308686623220776,0.5945081529925934,0.6583470963125715
2022-04-25,0.006727258088860744,0.01982275834933636,-0.007039223902306245,0.2807521083768877,0.29230336586208855,0.663788067969505,0.6319155286741617,0.5696229896005376,0.6583057694585435
2022-04-26,-0.03806091226852649,-0.058017304147305736,-0.12991786821056975,0.2922844263505191,0.2947771298911379,0.6763036767386839,0.6249993086826673,0.6847453277507523,0.6927618049455944
2022-04-27,-0.0014982252094127178,-0.01993063548887888,0.005802262088747301,0.2801634313284268,0.2874559330911817,0.6352084786430751,0.6157313374470251,0.6737585486535186,0.6875765395847996
2022-04-28,0.04418530226759012,0.07189037441958994,-0.004570734839500549,0.2969650238942548,0.29708487117890764,0.6430958154152543,0.6283293434065638,0.6612324297347727,0.6875158605644827
2022-04-29,-0.037299028059628245,-0.06484236476172467,-0.007722046093910278,0.31622519145048306,0.30315625688183967,0.6618289321270259,0.636578843099867,0.6531700669125101,0.6850805769844676
2022-05-02,0.002004980783550358,0.05210333898429492,0.03630119678057179,0.30981658154256064,0.30135850600943187,0.6489980972111284,0.637657026462464,0.652299231903757,0.6841526411015801
2022-05-03,0.009581142643929808,0.0035833158382837763,0.0069529797045999,0.3101303813952208,0.300651737302314,0.6473839974297282,0.6372722369830377,0.6506019793947073,0.6731382354937842
2022-05-04,0.04014084617003098,0.0366231046397567,0.046606997586192966,0.3268046612360499,0.3083708112846377,0.6615495309902136,0.6406448007244057,0.6255837725376814,0.671053184320261
2022-05-05,-0.05731031202505738,-0.07623224273480274,-0.08697129694404783,0.3645281848195891,0.3200573494479007,0.6862976827942885,0.6467466625116307,0.6724037330538514,0.6846726822791147
2022-05-06,0.004741346199168442,-0.009078834055493817,-0.008764116548342282,0.3574610305669286,0.3201463865417253,0.6117903201742353,0.6462723811107907,0.6700215510102052,0.684740195626752
2022-05-09,-0.03380547914307978,-0.09681345507936788,-0.09511265989142319,0.3674298698711774,0.3246766022573517,0.657573452075589,0.6640976955184916,0.7187407561239303,0.7020388727588402
2022-05-10,0.016023746323829906,0.037127234028893216,0.016293716484307056,0.37129457754817846,0.3259364671032462,0.6680616476969924,0.6679350060087194,0.6760734535811278,0.7025645077079891
2022-05-11,-0.053235754416030595,-0.056220892844472875,-0.08613907391805735,0.39060402051990506,0.3372064274512922,0.6712364154415004,0.6732482616144998,0.7083938264065137,0.7159834812184098
2022-05-12,-0.027290767482284775,-0.02748264569383212,-0.008207868133831057,0.39517117034541954,0.3367326916732883,0.6700593984293324,0.6722041398101407,0.7081306156418262,0.6808367988569543
2022-05-13,0.03145599391376904,0.08994823666293958,0.05554312113800256,0.4093002853926633,0.3410857232499442,0.7394669145483113,0.6904492157118317,0.7358654312187216,0.6854844215499816
2022-05-16,-0.010725830644102319,-0.025216235791766902,-0.06054178893173219,0.40937651408709314,0.33883107734942536,0.7398523097044126,0.6853023692082362,0.7474067719770325,0.686712679389272
2022-05-17,0.025100712787193728,0.05146739414715226,0.05011849707070439,0.41047760319079957,0.3408949033858232,0.7563487570274823,0.6905339227822934,0.7439624038889996,0.6921147489927983
2022-05-18,-0.058058605191386566,-0.07021428177650164,-0.07045137343065937,0.4360861342911511,0.3537297234377214,0.765545726336439,0.6975260103092683,0.7555467124106817,0.6990186405654494
2022-05-19,-0.024987561279580874,0.010588334217010513,-0.0005496015527187791,0.43792665260320596,0.35575222823793157,0.7556149694639656,0.6977842711849492,0.751707485562075,0.6966775813526933
2022-05-20,0.0017792279880868597,-0.02548286038880286,-0.06630210293456358,0.437926455085222,0.35435437892006144,0.7565375559570151,0.6977601440782436,0.7636334425954835,0.7040789433761582
2022-05-23,0.039289081819947974,0.012526259819180256,0.016447812924403577,0.4580318687525623,0.3611468950476555,0.752900317739566,0.6981323980630258,0.7677349874832391,0.7011537593681781
2022-05-24,-0.01941529311877973,-0.04485600442075951,-0.07176851817718267,0.45595443648037554,0.36117280968626636,0.7490654561651161,0.6968590951018231,0.7793083697313226,0.7016501347891655
2022-05-25,0.0011611031783415062,0.04958694168934176,0.047609167831150545,0.4536011979522862,0.3610033182454675,0.7681774616135695,0.702217162429448,0.796761386590903,0.7062529589353318
2022-05-26,0.02294336371918664,0.0500535882162041,0.0716426667233651,0.45683963881424156,0.36231440552203664,0.7782010341754265,0.7057933925481356,0.8226506359586907,0.717463124260215
2022-05-27,0.039948349606994955,0.052471051737453575,0.07076880760216854,0.46897597771916916,0.36745010152705065,0.7890722334218844,0.7104142487955202,0.8531439686331254,0.7264428920844915
2022-05-31,-0.005326426141096253,-0.007482664522671747,-0.0018183260603284246,0.4689766911750673,0.36718725722616996,0.784534772885629,0.7080860260561925,0.8492889530664938,0.7264197080430858
2022-06-01,-0.0008905025077288947,-0.01895534685467093,-0.023863085328824044,0.46613325659284705,0.36664418899585716,0.7820616075433111,0.7068453753037394,0.8444412449615599,0.7221689648059274
2022-06-02,0.016650627636681146,0.06713220220389693,0.04570006480442678,0.4698803409714129,0.3677595818438638,0.8059359937326825,0.7164337432824548,0.8511350026699482,0.7263806449954628
2022-06-03,-0.039315076303193294,-0.045498043139199654,-0.09669696528016906,0.48134093693735336,0.3729829112502348,0.7967813584163139,0.7163380328488501,0.8802512480764014,0.7432826238698539
2022-06-06,0.005243850506010948,0.003205130948948331,0.015905580664472344,0.47672668443299127,0.3731295847902196,0.7913464060580863,0.715431762563212,0.8836867528401201,0.7429118044263757
2022-06-07,0.017420598160501222,0.007438929096998428,0.0025567421769765127,0.47968744450199585,0.37437598615273465,0.7892889453705232,0.7131333509758582,0.8845315367374497,0.7147755927385111
2022-06-08,-0.005084174469326605,-0.014396409664497099,0.012397196798292412,0.46811567259171305,0.3562122486591239,0.7721758537666469,0.7098949110651717,0.8114780828191818,0.7141858556569549
2022-06-09,-0.03661768435720729,-0.032754019668729185,-0.008970532350436844,0.47880696832613434,0.3579533723759948,0.7759039411430289,0.7012104264434321,0.8106936174990996,0.6926042606213181
2022-06-10,-0.03934647127484935,-0.06121441835373261,-0.031701599500587034,0.4682794470421066,0.36329224755523737,0.7635585597030421,0.7076485001433966,0.8138564441767819,0.6942610514800193
2022-06-13,-0.039101814157837714,-0.0817156894149194,-0.07365428093744868,0.46935973860269453,0.3679792470623092,0.7764879922706382,0.7177729852033269,0.8360101326925463,0.7030352649250782
2022-06-14,0.006700837642672578,0.012090506809840846,0.023590861101451987,0.4702435512760876,0.36760647415083825,0.7590881475088065,0.7138627929173298,0.8307025486098683,0.7041913389951535
2022-06-15,0.01991249863394347,0.042717729685154325,0.0533736135169655,0.47410685566585353,0.3695802831785041,0.7721866895627696,0.7174861881536032,0.8497628242808639,0.7076134009593212
2022-06-16,-0.040464619903215426,-0.05737234046393275,-0.08927691446112915,0.4642816701768575,0.37494893086875297,0.7754799975572874,0.7220382293392447,0.8639633678746549,0.7218055138461441
2022-06-17,0.011452737078417229,0.01781217576409969,0.017029211593341923,0.4432278594869652,0.37401440183866236,0.7519861564947964,0.7222531316469639,0.8391190475248325,0.7218873919581812
2022-06-21,0.03224241792092095,0.04198147338884321,0.08943815256739639,0.45589433640673643,0.3782144956473116,0.7644427734299294,0.7178792609394117,0.8870983889392384,0.738222701836905
2022-06-22,-0.0038327180273794704,-0.012777782613171532,-0.004015815005187977,0.4475683686374571,0.37654220678797073,0.7128240664023955,0.716401545614163,0.8464319313926906,0.7368224546803069
2022-06-23,0.02130593108505784,-0.007992664744035309,-0.004329746130695059,0.4498654220487519,0.3774390020269154,0.7036886922163812,0.7064940686109481,0.8443451813784721,0.7323809139999653
2022-06-24,0.02424846663347467,0.05406722127027579,0.04426863661018256,0.43140324750844283,0.37998091072298124,0.7033782526004838,0.7126396710858184,0.8185821730595394,0.7357328294973815
2022-06-27,0.0,-0.015321454694433613,-0.003220352129855599,0.4242078913864309,0.3776711254831893,0.6999754774392879,0.695810602229343,0.8182676925621797,0.7300703541087805
2022-06-28,-0.030236729824255754,-0.05367141679251791,-0.05135346622113341,0.42186576869312997,0.38057163471824645,0.6649798897230453,0.7004777001789583,0.8142063253635666,0.7345954259598311
2022-06-29,0.012966145997267283,-0.027956077266590072,-0.01808571468816736,0.42332341890348946,0.380077234540966,0.6658081324138291,0.6905951177762757,0.7973732174921663,0.7303296959876183
2022-06-30,-0.018244772432070053,-0.024789266745769884,-0.017750377736998998,0.41828635486050153,0.380843119921194,0.6475496755090857,0.6894529243807711,0.7830771101140385,0.7300193607314394
2022-07-01,0.016046486209372317,-0.043191598582774035,0.012352668526408915,0.38740459233971974,0.38111468862889597,0.6287363207463535,0.6923514739337644,0.7585008530016174,0.7273503271356044
2022-07-05,0.01874918667929255,0.02989353027814246,0.02524410114057601,0.38405815762801354,0.3803962088266374,0.6353833734402441,0.6917279086130813,0.762409107329433,0.7188821250295848
2022-07-06,0.00960099085268107,0.011314596579976873,-0.005765936800649718,0.3848631827377071,0.3796449631110248,0.6337629973897179,0.683871359085542,0.736751995041899,0.7143284575015506
2022-07-07,0.023676416001144587,0.0465500976082727,0.053805993886254504,0.373965733874593,0.38122153882148063,0.6486225896524338,0.6883226268942096,0.7511384894665449,0.720014197594027
2022-07-08,0.004724199421214497,-0.0012642226715400791,0.025117411689723847,0.3691703718258788,0.38132463710527215,0.6358439109918546,0.6879308684622245,0.7193973855802573,0.7107250867689858
2022-07-11,-0.014873017938329436,-0.04396312342111606,-0.06772325416575818,0.37222980035493053,0.38160805261461495,0.6293686231562529,0.6888034870708206,0.738839853853397,0.7192390111091683
2022-07-12,0.006800601103455021,-0.0046373054285170365,-0.005434214609570436,0.36686840280166516,0.3800986038511003,0.6083221170017917,0.6860497946549019,0.7090273570765843,0.7184497513333176
2022-07-13,-0.002518540578504188,0.005298025637555194,0.016890065634870798,0.3472906434382412,0.3801018305573483,0.5840650477616509,0.6857315341073495,0.6785721117218858,0.7151580453586546
2022-07-14,0.02024753679739298,0.013775226023903318,0.005343443869962989,0.3523545318026127,0.3807021643558925,0.5872109901701502,0.6847746768112252,0.6789244583281381,0.7152584215346833
2022-07-15,0.011398273764351067,0.025089768956050976,0.007358200346931905,0.35390691839637567,0.3792620535992705,0.5929230267132093,0.6768921622015374,0.6761969254073065,0.7123105731825576
2022-07-18,-0.020846945735717243,0.021371020761562918,0.00199742066325827,0.35555872719620535,0.3803223261436544,0.5583703968416946,0.6778994593792976,0.6617223587246083,0.7110187186029937
2022-07-19,0.026329007449882837,0.05387081549531473,0.020491171216018414,0.34470477349811446,0.3784440921205631,0.5722104408060729,0.6743760855411488,0.6009471751144004,0.7083612931980878
2022-07-20,0.013475214794320114,0.0466271508396236,0.007991442647263649,0.3463523736385745,0.3764619622394787,0.5900084513695596,0.6792136843626225,0.5997385095623012,0.7075001660394329
2022-07-21,0.01493748858156089,0.013408022094433156,0.09332473904622181,0.3454364430031571,0.3751349624986342,0.5910707701343516,0.6786731099504578,0.6564521359498227,0.719608605102912
2022-07-22,-0.008102010528317678,-0.04135395248499275,0.0019487091376834801,0.34604305867749713,0.37262513299102135,0.6012299411912793,0.6795514038295153,0.6560293218184416,0.7168250623168496
2022-07-25,-0.007434978487517866,-0.016914955638983004,-0.014093857868883458,0.3280869376198022,0.36960595951182384,0.5960272899494031,0.6674976845609245,0.6570728715080433,0.7132429299029641
2022-07-26,-0.00890144083217545,-0.02924708612417931,-0.03630279730947472,0.3055764450860475,0.36666314187984855,0.5752414740906268,0.6589968983283369,0.6593627720290457,0.7113903539591239
2022-07-27,0.03371105734231166,0.0729824796319873,0.059828962889336236,0.29017495205026855,0.3709507621404986,0.5608815744184991,0.6711392618544295,0.6365275022409818,0.7158980908478232
2022-07-28,0.003568535822625116,0.011198325310029535,0.02188239620656966,0.29022954821608804,0.3693065378967361,0.5607795638682413,0.6611827542892582,0.6361846256532374,0.7139327873762371
2022-07-29,0.03224646948367353,0.009420961892705975,0.056238327702471655,0.29759902802986765,0.3730538735720624,0.5491141630703854,0.6611139645633517,0.6380111787418472,0.7196813985649453
2022-08-01,-0.006164704684054013,0.015325970478226772,0.000437393812804002,0.265903259352347,0.371520631293151,0.5191014448315598,0.6618974500899929,0.5681806269280955,0.7079592326944323
2022-08-02,-0.00931890480286519,0.0048767368392925465,0.01107275434031423,0.26981561618394373,0.37151962503135116,0.5178013513044083,0.6600845080730116,0.5679024250509319,0.7081791584079844
2022-08-03,0.03750205103076824,0.019272545121032325,0.022402621138707415,0.274560538041312,0.3750156702116894,0.5078454519119474,0.6405338702425539,0.5184203621753422,0.7087843272349387
2022-08-04,-0.0019035343932062652,0.01734603281429719,0.003993317320664083,0.2739736223793258,0.3749536151450164,0.5065069760386607,0.6412311806166787,0.5172364562937725,0.7088245751475797
2022-08-05,-0.0014146448833330409,-0.01205781319273285,-0.06859256465683715,0.2713974780985886,0.37483718375411973,0.5075754798960358,0.6401752915181151,0.5630570968716052,0.7052420583840955
2022-08-08,-0.002897034109274848,-0.06481985466031583,0.007777567334269051,0.26691103469304783,0.37338591413697386,0.5248640742721976,0.6471762456824104,0.5517693938241004,0.7052717980742654
2022-08-09,0.00030859435517233434,-0.040775100103026964,-0.024715855061426047,0.2668612493296894,0.3732634815752419,0.5369068614571297,0.6480636922171479,0.5582253683357673,0.7062330630007305
2022-08-10,0.025828322512266588,0.05751656254060424,0.038191212017232856,0.251343284537113,0.37475317724346946,0.5362528501214485,0.6563361279719403,0.5399020831756614,0.709230051318211
2022-08-11,-0.0043995852192913,-0.008893888531516729,-0.026611322636493736,0.2527863603264221,0.37480867263274115,0.5291377190580511,0.6557519732742658,0.5440095026604217,0.7102431153932351
2022-08-12,0.021156589024002838,0.04209421672807618,0.045690284234629674,0.24507698995348026,0.37442855518536305,0.5321643564168933,0.6586541438475694,0.5494102011868057,0.7083651456369743
2022-08-15,0.006307681478810581,0.016985546365743807,0.030493870084300437,0.2438231923735381,0.373239720044846,0.5110005257869257,0.6542899757175213,0.552685631575806,0.7062296373503417
2022-08-16,-0.0008818601941323644,-0.007926065272420603,-0.008962844958338947,0.24251292907451275,0.3719273392551183,0.5093228185156149,0.6470782383456645,0.5535268495265374,0.7029677876242773
2022-08-17,0.008725496754776603,-0.029065555207600617,-0.00838579337627407,0.24243640106969644,0.3721971754947323,0.520196275541382,0.6485151208550021,0.5541914148084487,0.7027495067452983
2022-08-18,-0.0022765091698393907,0.023212918123856667,-0.0037240308663840115,0.23828650881089983,0.37165201019761157,0.5088182291030557,0.6458549289427391,0.5386832534525718,0.7010613021398269
2022-08-19,-0.015251289286221655,-0.05033885476761281,-0.02068326058982842,0.24601043657858906,0.3699635917412763,0.5338554801060841,0.6451907862795919,0.5417409939664991,0.6970969380685382
2022-08-22,-0.023291766665555266,-0.04652001563489282,-0.023049879963997422,0.25308156896341844,0.37159254582644086,0.5358987338277801,0.6488490618574502,0.5033055136007069,0.6977510196735873
2022-08-23,-0.0020062626421252527,0.00819676720417827,0.022308040167364873,0.25379239669017856,0.37059083676597926,0.5354119127367247,0.6465303857129839,0.5037274536345775,0.6961573142839534
2022-08-24,0.0017632935587457146,0.0029112102074585343,0.002190212315185422,0.25305045029224066,0.3670392492409638,0.535419174714469,0.6429498447653128,0.5032791363087717,0.6935541031008575
2022-08-25,0.014833846530693005,0.039332513701220546,-0.0034728696165365757,0.2506438594503442,0.3678461260999203,0.5444172476887381,0.6452116042071957,0.5042593770094472,0.6926948219003376
2022-08-26,-0.03843811409481828,-0.09738051599412792,-0.02732298153403445,0.2788694002678172,0.3727667904933618,0.6163142521556849,0.663517790190829,0.5141071092742726,0.6927497746914996
2022-08-29,-0.01377863597339249,-0.02811806610877168,-0.0114155295267093,0.27435380886520827,0.3734547327379061,0.6188006629095364,0.6629485787341363,0.516496441473408,0.6879921442872281
2022-08-30,-0.015443095509331308,-0.02178177082109811,-0.02531600747852785,0.2703580890208676,0.3742354347159261,0.5994463446439712,0.6562520496381222,0.522076736423637,0.6868017023649811
2022-08-31,-0.010688402571885879,-0.024255531958225995,-0.007554571361269049,0.27032122873139935,0.3716936240765151,0.5832846755750352,0.6551732881958874,0.5230142765553757,0.6868570337481198
2022-09-01,0.0047144005428342165,-0.07937935773213056,0.005608133807695812,0.26732957016353026,0.37160132306326393,0.6180859900744404,0.6663849533917721,0.44874542579551435,0.6869291412777514
2022-09-02,-0.013687735999455145,-0.021053409197832267,-0.0253955222954196,0.2693922358900401,0.36679731555833994,0.61150466767332,0.6607404622692615,0.45501836800924733,0.6532713174379536
2022-09-06,-0.008263967802020282,-0.01403791061343787,0.015460345029268038,0.26961280441865293,0.36704818906459574,0.6111940415638162,0.6604001430753295,0.45526672991550227,0.6537502261073721
2022-09-07,0.009177984970830442,0.01916049773907579,0.033257562321776464,0.26929114738353105,0.3596857450886492,0.6125569570894034,0.6491595878807584,0.450706343758413,0.6561857311317607
2022-09-08,-0.00963910286049385,0.019516340434791293,0.01940859583078035,0.25229419118954305,0.3546158228067704,0.5706523519529918,0.6421052972046211,0.42068663450544436,0.6568915106511203
2022-09-09,0.01866894951538465,0.02823052682206308,0.035389301050192584,0.2581149553043747,0.35600215261326196,0.5777232289716098,0.6375173949930089,0.42807207389723684,0.656750431990498
2022-09-12,0.037757094269198994,0.008316056241657606,0.01569308815574234,0.26450318139511564,0.36123505204549056,0.5774519346105684,0.6377131718793452,0.39868086952502757,0.657176943861159
2022-09-13,-0.060453382275249816,-0.10008345855698265,-0.04120941817834195,0.3174199774916078,0.36895881825594046,0.6321470058524536,0.6542699387173323,0.4168722320854815,0.65598871508387
2022-09-14,0.009546769021495143,0.0,0.035245939061674884,0.3181297472195409,0.35673049327537254,0.6312187392310522,0.6430622120813436,0.42847108733924316,0.6423339657800262
2022-09-15,-0.019118764466555273,-0.015373092917057293,0.0037601469199043673,0.3005008068314489,0.35805076439303124,0.624502393163738,0.6432888668710476,0.42346293465347756,0.6421681651811472
2022-09-16,-0.011014214770986044,0.020698324215809902,-0.0013177402664513328,0.30141419184767054,0.35402707175753384,0.6259747040214929,0.6251209574039884,0.4232640477209108,0.621442309240333
2022-09-19,0.02474531837352559,0.014312862039490525,0.01868053407058617,0.31206208409041947,0.3554485798142502,0.6307923379352428,0.6221561897156874,0.37412130701310714,0.6216147767378507
2022-09-20,0.015557903033479965,-0.015831465216680628,-0.0011006799427831242,0.31629325974870276,0.3447470505914836,0.6105609460166093,0.6160193317775948,0.373883568705119,0.6036408309636003
2022-09-21,-0.02051118727505732,0.0060606246116909545,-0.026021516440425243,0.3208946013544717,0.3433680516360445,0.6051195267281086,0.6147356780817261,0.37471366004290346,0.6052763142120571
2022-09-22,-0.006376217139275885,-0.05352188493106918,-0.04143859637089073,0.3097041550906759,0.33963621263417315,0.5851817972956602,0.6005508907830805,0.37892060988065907,0.6029102943098008
2022-09-23,-0.015240820033933167,-0.003992021269537561,-0.047036617462740724,0.31159063474058707,0.3401398720488199,0.5855912032924998,0.5994571193366126,0.3953446912333478,0.5994007723836415
2022-09-26,0.0022301073611615645,-0.023473356185642013,0.0024667187027956512,0.3031423163466673,0.33757714685338913,0.5633845816497866,0.5930588272594384,0.3696774977377202,0.5937241884554698
2022-09-27,0.006593578352137933,0.015441184488377831,0.024797764085939072,0.30323127934468364,0.3230459423823719,0.5626596843152426,0.5833844005185075,0.36556794067332954,0.5825884951944544
2022-09-28,-0.012755361059963943,0.025479085300984968,0.017065679170471873,0.3039854287905222,0.3209175961941967,0.5741221730763287,0.5849288221710163,0.36962210527732337,0.5831167257485615
2022-09-29,-0.05035356726801286,-0.041739606172765314,-0.0705302844410176,0.3283920630617558,0.3322089917973313,0.5783422611783837,0.5873036741116072,0.41933941723113516,0.5845639169633234
2022-09-30,-0.03053284789860102,-0.006578971098042511,-0.011097478266149974,0.3351762036991062,0.32960248493146793,0.5682510180973788,0.5867008156260255,0.4198147380795453,0.584471572047319
2022-10-03,0.030318539221851303,0.030871663667087147,-0.09008352329893315,0.35187062816991144,0.3319642916955551,0.5725066933838384,0.5853328638038994,0.48612394302921935,0.5917597749862433
2022-10-04,0.025324952346851937,0.050693114315518165,0.028629151114306955,0.3594675801940326,0.3346183367793325,0.5903568646796512,0.585616217069704,0.49406158308930476,0.5884267058752941
2022-10-05,0.0020180237181504,0.0030372081054496547,-0.03521016449787117,0.3599058374845125,0.33246031907237944,0.5892711936608742,0.5788420624060822,0.4945476280295253,0.5794141609375638
2022-10-06,-0.006626005061735076,-0.006083668953614753,-0.011191497775743495,0.35947144534518943,0.3257671999150866,0.5883001147506086,0.5710962887814588,0.49392381455984746,0.5672649299792404
2022-10-07,-0.03743085334720543,-0.08348110647656905,-0.06533111948716122,0.3666182498615331,0.3315475496923329,0.6078856340665016,0.5863657053883908,0.5214477764467519,0.5774884942345283
2022-10-10,0.0023220386313258087,-0.03373001037669314,-0.0004932403749977082,0.3545553005020591,0.3315847525211745,0.5571131143086149,0.5878921033593515,0.5192441466071426,0.5762358756438728
2022-10-11,-0.010272191733756911,-0.007748639716761081,-0.029401835731148303,0.3539544363444142,0.33067281025446565,0.5548050241590811,0.5750904029053218,0.5227140381611579,0.5726470952983617
2022-10-12,-0.004624031139028577,-0.006938449344920867,0.0034121857241000077,0.3525618078948478,0.32430189847386826,0.5538130018454551,0.5711664542974709,0.5216199567891929,0.5498000134930443
2022-10-13,0.03306744142664396,0.038417016103791585,0.020412591384959395,0.3684669368171949,0.32901377110880586,0.5692201815748982,0.5756907056219754,0.5281702167542476,0.5502404861384929
2022-10-14,-0.032773215606205774,-0.06308787088038731,-0.07845412709080732,0.3774136983791374,0.33209669683327636,0.5531394578938682,0.5834152451549768,0.565273010308294,0.5653319658493486
2022-10-17,0.028708024400027496,0.057207971537508014,0.06770743015142637,0.3882067017401936,0.33565282037328686,0.5818875496460298,0.5926575175436243,0.6062369820098497,0.576698957762265
2022-10-18,0.009389072458928383,0.006717069755943007,0.0038221823844711423,0.38949536494857645,0.3303874634898118,0.5820741994056003,0.5911025012379109,0.6034302238187912,0.5766010085412726
2022-10-19,0.0007077141130489192,0.007503161503155315,0.008366735825266388,0.3880766461877111,0.32357408248520275,0.5790306551511109,0.5835914263162587,0.593102703616946,0.5744431853931439
2022-10-20,-0.0032596400744141158,0.011560822401076006,-0.06878700956810598,0.3875243680582947,0.3166222758740839,0.5766407140171013,0.5690203298004078,0.6122418546914583,0.5727433255509128
2022-10-21,0.026752295684716217,0.021925360628965683,0.0339594427054824,0.3920395406892476,0.3194197616087053,0.5738067017245249,0.5699844462195821,0.6113115359127649,0.5742361955443537
2022-10-24,0.01467991789472756,0.010387628361578017,-0.01498771272205373,0.3770132724216357,0.3186694485308617,0.5742488101751984,0.5652450952922645,0.6060466021432237,0.5674880136799869
2022-10-25,0.01915483128251544,0.05113429923656768,0.05152522015341265,0.3403767863224312,0.3121960316110565,0.5207687802398547,0.5648601812133298,0.6266917752483465,0.5542891304348768
2022-10-26,-0.019836030218938528,-0.027566829832654592,0.00993163444675041,0.3436088763146611,0.31383481974301447,0.5270114922160941,0.5655005877434502,0.6153219019079345,0.553815992014388
2022-10-27,-0.030933511627951316,0.021506205220963463,0.0020012013883009276,0.3505671182018575,0.3140736897828653,0.5288579868021784,0.5619865648388216,0.6150028352613179,0.5329446980594312
2022-10-28,0.0728370335226904,0.04893489244235274,0.015123411630514678,0.41034512512865234,0.3363384145529179,0.5442717307812757,0.5682558675276044,0.6188514555653565,0.5335567114325309
2022-10-31,-0.015541965789747902,-0.02490971285536284,-0.004297686744691452,0.40676586693506306,0.3358690318824959,0.5481562139987549,0.5694770477728364,0.6133364937725958,0.5335560391073987
2022-11-01,-0.017677058887796252,0.0037023366985355194,0.0012297963601955097,0.40694956856537284,0.33503619312912103,0.5460889741212039,0.5616079837245723,0.6136742977128545,0.5281960224062019
2022-11-02,-0.038072956216695555,-0.02469261259037152,-0.05801084292684853,0.4171875154812169,0.34126056366999796,0.5508287637372318,0.5624272607317303,0.6277154809412326,0.5367822719002592
2022-11-03,-0.043310468321427584,0.015037877364540502,0.0015338495651727546,0.4339950501539346,0.3452483245618545,0.5284351753971762,0.5565183974311069,0.622055315962461,0.5301138529546114
2022-11-04,-0.0019071376718657062,0.05375295351156097,-0.037092099205042105,0.432490724678069,0.34457909748014104,0.5486846620014287,0.5624675914048795,0.6175287715127996,0.5328096189378827
2022-11-07,0.0038837846055782936,0.00985229644301164,-0.051377013229285805,0.4326819359057493,0.34325476243888775,0.5425943737749677,0.5613108795497315,0.6281396802868969,0.5387282407064612
2022-11-08,0.0041601344529352035,0.020790769669073908,-0.02976686122955518,0.43228643081161516,0.34227703045912367,0.5436904603707472,0.5577798230051478,0.6208108339226664,0.5402816287681578
2022-11-09,-0.03377598505614645,-0.05788489407531449,-0.07436535377970337,0.44072375111016776,0.3454349042105245,0.5699847404119485,0.5637936852128727,0.6385755025852715,0.551694349907903
2022-11-10,0.08523314074457616,0.13380388456498893,0.07132886121048117,0.48800141740822317,0.37372431108624726,0.6696271727365325,0.6069233305623297,0.6652914254967494,0.5655176648428536
2022-11-11,0.019117372792312327,0.03620869956273601,0.027155202413977755,0.48123412870250165,0.3729952757813567,0.6727463017326346,0.6049425170784221,0.6745978696604755,0.5597784322302024
2022-11-14,-0.009547262917193475,-0.0024554954019759944,-0.02594997261943762,0.4752006410304519,0.3732787855132114,0.6706482642829761,0.6049547009100188,0.632828818480796,0.5591768660656261
2022-11-15,0.011784476148208467,0.023087295195506275,0.018009153721397605,0.4708755676065306,0.3729106929121151,0.6603521975938641,0.6014519617401156,0.6282259745764787,0.5494082504631564
2022-11-16,-0.008364266233646995,-0.04672023587782812,-0.039340049560697546,0.47163004507593287,0.37303973474083235,0.6789975801834994,0.606680970955212,0.62987469970801,0.5529134708274964
2022-11-17,0.012891148056376568,-0.014580289985967602,-0.0202660344600998,0.4724249727002681,0.37360609574575593,0.6807783351614127,0.6071564206361215,0.6307670885878546,0.5527288353512825
2022-11-18,0.0037680033815512396,-0.017391742711869107,-0.016402833633402614,0.4579853351402354,0.37214531505419246,0.6304431384377305,0.6074485439499661,0.6081616319677015,0.5530121942775591
2022-11-21,-0.02193115022910709,-0.005865119452398022,-0.07082197940440017,0.46348315092658304,0.37349301675950336,0.619443560031214,0.6060393248409481,0.6350697300100163,0.5641839974051298
2022-11-22,0.014583875763125111,0.04598511324182322,0.012079014763344604,0.46345114549823424,0.37263223982876204,0.6263149404581747,0.6099203397412605,0.6351306432870422,0.5647381145559628
2022-11-23,0.005935936485150415,0.029522439266321834,0.07530956714236248,0.4630235032189853,0.37014781336134195,0.626232428056657,0.6051687275399855,0.6790942699540667,0.5787085442506739
2022-11-25,-0.019833564623210446,-0.01526747213078842,-0.001857619503749257,0.4585262654478368,0.37092001110704126,0.6259293637744451,0.6004193774750516,0.6747117141911645,0.5784012395286737
2022-11-28,-0.02662560398908456,-0.02745025755436576,0.0003280660535738152,0.4548968324301235,0.3725923281544326,0.5975107857465191,0.6015347919742652,0.6393342127872798,0.5548372793703524
2022-11-29,-0.021362247832102055,-0.012090506809840805,-0.01149153539296599,0.4519460771130207,0.37398700689092185,0.5850322463725711,0.5980215399015643,0.6025085549852444,0.5548578713018545
2022-11-30,0.04743889140116969,0.07935301849894903,0.07390254898126568,0.47199787010963723,0.38246444652430656,0.619280335100802,0.6123502116250188,0.6455744191877316,0.5699041634634442
2022-12-01,0.0019200444765822319,0.01234220780310713,0.0,0.4720037181464982,0.3822063168666523,0.61916282640521,0.6106894166251448,0.6446250349268745,0.5672312259850502
2022-12-02,-0.0033625010236984832,-0.015303418139886773,0.0008214396190413594,0.47201201510899204,0.3779003310951111,0.6241037761561529,0.5987314851963211,0.6150820985220985,0.5571811984475238
2022-12-05,-0.008005563804474727,-0.016143848371356278,-0.06580518911473866,0.4662926022059458,0.3780332206905744,0.6279681174311519,0.5989568232428418,0.6320440580727431,0.5649931197147838
2022-12-06,-0.025758521378447634,-0.03808814197543206,-0.014519812325829733,0.4698775210045637,0.3761532706756647,0.6429570056136227,0.6019114424833181,0.6319837372838338,0.5556799696641193
2022-12-07,-0.01381702190363416,0.008107309763496372,-0.0326711927041475,0.4670296258452002,0.3766456598504754,0.6298055810850247,0.6014641843668393,0.6129426125389628,0.557423673009254
2022-12-08,0.012037978559479098,0.06317890162153146,-0.003453439601197926,0.46590544614672463,0.37708219859693354,0.6419269678623789,0.6110472294410696,0.6107301492963755,0.5566972046821416
2022-12-09,-0.0034246608813642146,-0.009961992728747576,0.03183337819316034,0.45753750299238743,0.3713507502313633,0.6433088515602361,0.610280060480213,0.6212687261745896,0.5582862628116074
2022-12-12,0.016234007674258418,0.031306904625044124,-0.0647731200025184,0.4050352168129541,0.3725604591034707,0.6356629064816971,0.6119240937439557,0.6387524433211057,0.566595597481154
2022-12-13,0.006727896987631157,0.029802599270644645,-0.04179821869710624,0.4039185914435327,0.37281452616386807,0.6308783664178098,0.6137906781099458,0.6449119618053174,0.5600536673799286
2022-12-14,-0.015627517812114557,-0.02184348960307601,-0.026122649828509543,0.4032573464682434,0.3735666049323933,0.6373114846598539,0.6052009489265174,0.6450775957448455,0.5604841111122196
2022-12-15,-0.04795688249862131,-0.04162450595190557,0.00553313333308281,0.4119423390401648,0.3815333618338513,0.6468796468479205,0.6053643613145072,0.6322427658527536,0.5600390981962907
2022-12-16,-0.014696223111934728,-0.02329158740083643,-0.04833678817505807,0.39498397103102206,0.3791579018826792,0.6529287751939913,0.5986600313509368,0.6405745242200365,0.5591984210107289
2022-12-19,-0.0160661315415327,-0.01890876708954015,-0.0023992014174274404,0.3973880669260205,0.379822496464625,0.641617627963283,0.5992693057973403,0.6366436682751566,0.5583191996927332
2022-12-20,-0.0005374486673957686,-0.010523154984110564,-0.08396489307734652,0.39707585207019963,0.3776991547792199,0.6428889194086956,0.5949865145975337,0.6612062413059827,0.565643610205033
2022-12-21,0.023528711384948508,0.025193344731904353,-0.0016704801066541306,0.40344640547561156,0.37998071800913863,0.6440175167859309,0.5958731389295062,0.6596313533378249,0.5618900643613413
2022-12-22,-0.024066449058747767,-0.07298836016888037,-0.09302305386860181,0.39752643346365685,0.3816412890498746,0.6579822204980935,0.6076637809426289,0.6771908883568175,0.5792120530167617
2022-12-23,-0.00277008487381549,-0.008521847704763823,-0.017706700037755336,0.3028441317565191,0.3811282264929453,0.5300790770822854,0.606072285963509,0.6299491503223209,0.5793513628487875
2022-12-27,-0.013966707481708193,-0.07375355074295888,-0.12113823172752194,0.2963966363183604,0.38155865331680855,0.557791641721283,0.6162501940177987,0.6884751530881543,0.6083168173946316
2022-12-28,-0.03118929157350421,-0.006398884258278585,0.03255325541496213,0.305957758990836,0.3839055359564238,0.5577628686304371,0.6110884947448831,0.7044244024271633,0.61251091634901
2022-12-29,0.02790213200404695,0.03985148092825034,0.07772639715435141,0.31719185115505677,0.3859486527239821,0.5671261629337052,0.6106283884839898,0.7503987302513088,0.6297527659772559
2022-12-30,0.0025054820497837126,0.0006851661795965106,0.01110215485055886,0.3177182578727429,0.3860499411000124,0.5528514185420857,0.610412820853239,0.7507624866143223,0.6284211899449068
2023-01-03,-0.03809529100123284,-0.020761991448429128,-0.13058997561373473,0.3276518838479663,0.39045630876995163,0.5542823199858365,0.6111815860682449,0.8234607480773803,0.659768571031355
2023-01-04,0.010263960475241926,0.02962669320867732,0.049978832340824605,0.3299052512049372,0.3899322572148768,0.5604123688696372,0.6095343209907635,0.8464389289370161,0.667565338136082
2023-01-05,-0.010670216828584832,-0.033129323759879446,-0.02946904914170245,0.3267796145197539,0.3855872347792029,0.567796480189575,0.5902922843894727,0.8312447973083955,0.6677268380163209
2023-01-06,0.036074456713133855,0.04056933102457481,0.024352143402859936,0.34382014977283887,0.3906216515813607,0.5639928426166707,0.5926891616854211,0.8353401340632842,0.6702901623041954
2023-01-09,0.004145975352489946,0.05058549678810624,0.057654585712270674,0.34336838683751997,0.3901470517124723,0.5775424069972915,0.5977435663036785,0.8204497573990941,0.6793328299385502
2023-01-10,0.004439778294210071,0.01777824602128397,-0.0077110431532125,0.34143837734969396,0.3900362558788826,0.5788103316516873,0.5970275678333702,0.8198618248327848,0.6793317133148769
2023-01-11,0.02084290026742827,0.005647959789504072,0.036109181780221815,0.3420139146479423,0.3917559852685785,0.5734658119129215,0.5815325065514289,0.8319031426758686,0.6831393558482857
2023-01-12,-0.0006091061555762769,0.0314161962333787,0.0027554924639563365,0.3373662252474626,0.391248136988743,0.5790953651638852,0.5823893530001941,0.8331766082701682,0.6828511567958422
2023-01-13,0.010078515197510848,0.023375352596303658,-0.009432497972155273,0.3058016146075997,0.3915814636809936,0.5350062430669954,0.5828156362906907,0.7918965940741018,0.6816272928095685
2023-01-17,0.008708109979266288,0.04630456804168637,0.07163643302060176,0.3074044803538315,0.39154596205996506,0.5506726999395418,0.5867649686241823,0.8303432414152564,0.6913159491629539
2023-01-18,-0.0053209553352517895,-0.018265347977293313,-0.020825280988790086,0.30748223996297697,0.3913586865784088,0.5515044039620095,0.5871291916931767,0.8295628750623295,0.689986565617759
2023-01-19,0.00045075502228140486,-0.03577045096112867,-0.012580748077381998,0.30725542584301513,0.38989006560475453,0.559671077435847,0.58892535671631,0.8147826940484608,0.6859071253158242
2023-01-20,0.01897166598530412,0.061923163771587866,0.04797727324871381,0.30541408154138655,0.3857575389169189,0.5748848302175533,0.5974002764111863,0.8330533078865995,0.6913734571364956
2023-01-23,0.02323737875417846,0.07302513501489002,0.07457363239609058,0.31094047941646286,0.3750419190163291,0.6090300737721557,0.5834624960822485,0.8650077936408042,0.7032233607599759
2023-01-24,0.010030174359937251,0.004164503676240015,0.0009734390978663883,0.31032100961587444,0.3750810667383304,0.5842438139123858,0.5834187850671675,0.8652327834410627,0.6996014320568013
2023-01-25,-0.004715978729722019,0.002594035177046749,0.0037458423377492245,0.31046634816427127,0.37387648260379636,0.5827958880535156,0.5824799905034957,0.8582984256028591,0.6996007365719468
2023-01-26,0.0147171260338801,0.02456623028372623,0.1040649318924087,0.3098045001715079,0.3743603298373537,0.5804009539184672,0.5828210160584824,0.8983776076486516,0.7243477321069325
2023-01-27,0.013598975867595895,0.027918064425847697,0.10436170166630546,0.31175855659244334,0.372693772977138,0.5796994610914713,0.5839125138418761,0.9403471244743921,0.7468191151195435
2023-01-30,-0.020326331905328458,-0.06080900459560563,-0.06526578571772881,0.31410789317761545,0.3731217864717357,0.605222086229544,0.5931592761571098,0.9576869556952877,0.7532839892776915
2023-01-31,0.008983261118518588,0.01965919496013807,0.03860665394883799,0.28016079329546956,0.3720200508605236,0.5921583223114827,0.5937187034356328,0.9635168244174459,0.7563830924924334
2023-02-01,0.007855830539203584,0.06926605821177592,0.04619720005033249,0.27618439696826186,0.3721657904869131,0.6144475588778922,0.5954008154470559,0.9585757461180332,0.7590110170216183
2023-02-02,0.03642752799627152,0.036145685642060756,0.03711743978338934,0.2870461875601257,0.37640016732255804,0.6143620898168367,0.5973400666584687,0.9622991084177286,0.7589266246221271
2023-02-03,0.024094343607893833,-0.02852660116562156,0.009041700725415854,0.29223251421369556,0.3785312167033474,0.6216703571783132,0.59810835467,0.9223182705995352,0.7591704410924326
2023-02-06,-0.01804959419273496,-0.0004744958570638129,0.024849227852463712,0.2943738842840263,0.37961379126641387,0.6203265052599498,0.5979950000667456,0.922429082893574,0.759176002322771
2023-02-07,0.019035560684019875,0.049987268675046874,0.010470765020845787,0.2853039636820453,0.3803119719429357,0.5816709266231561,0.6016631021248514,0.8675765435388969,0.7587342521766118
2023-02-08,-0.017830983144268037,0.0013534854310763558,0.022507857977594494,0.2922251828045207,0.3718292293672966,0.5793000200293693,0.5962452049984271,0.8621998449303874,0.7516511959849324
2023-02-09,-0.006912547239337319,0.005844026522220176,0.029516839008565374,0.289002890353333,0.3682896983878506,0.518966488640249,0.5958274826321575,0.7576189537734043,0.7535113158160189
2023-02-10,0.0024214715538150872,-0.04914881207070304,-0.0516182961677648,0.2681400798206137,0.3649433410269877,0.5484324617938134,0.6016829094515626,0.7856103896336035,0.7435697656007509
2023-02-13,0.018636146672804815,0.02464667887271797,-0.011493498678473935,0.26287900953090493,0.36383449455300226,0.543919473541794,0.5977571196735975,0.7696493457296979,0.7418717359581118
2023-02-14,-0.004229174346892443,0.052785061260098055,0.0723780108943176,0.264325587935008,0.3639161628458544,0.554248141340362,0.6029268762772194,0.7868217075943224,0.7503408045419604
2023-02-15,0.013810557529306086,-0.009192448184164259,0.023567172573277697,0.23051021346155345,0.3643831884445173,0.5487342700943875,0.6031279465703808,0.6492449449718639,0.7513311755631509
2023-02-16,-0.010504987945259833,-0.03399253934691459,-0.05863118434301067,0.23596257925323988,0.3591389325180419,0.5651959159210358,0.5878012490360415,0.6850599924187856,0.749793339330155
2023-02-17,-0.007552705837515269,-0.02814487964441898,0.03056165719597175,0.2341481886009418,0.35942115031870686,0.5618091516004138,0.5867877762669269,0.6699417345943184,0.7516629130927956
2023-02-21,-0.027029583383222644,-0.03524174224789587,-0.053947215029807226,0.2367321185405274,0.3619880713598633,0.5729329052824398,0.5905004187336762,0.7042774328581434,0.7554243259341522
2023-02-22,0.002865526965910619,0.004835599364527736,0.01752800819917669,0.23678160757044345,0.36188899848590844,0.5606637995171747,0.5900744265559738,0.694461533290824,0.7560282772102811
2023-02-23,0.0033327696211541847,0.1313582660902093,0.006006024060211728,0.23680731160285381,0.35779167605106243,0.6626731561853197,0.6238133696507495,0.6913107127057,0.7552638643382239
2023-02-24,-0.01822717311137003,-0.016205045447379,-0.02601976594260441,0.24042342871820602,0.35477404744104224,0.6678556595554596,0.6136229657569484,0.7003200412504119,0.745072062232456
2023-02-27,0.00826394070149301,0.009413847869377271,0.05316324343908123,0.24057773643210714,0.35183880069091333,0.6654843582389574,0.6079807808982721,0.7074753834375731,0.7416947964550119
2023-02-28,-0.0035038337519567044,-0.012427843692455396,-0.009290239557498884,0.2405680588977712,0.3515734052394271,0.668148179885434,0.6089009644759578,0.7074287903759546,0.7417974600548983
2023-03-01,-0.01434884078446364,-0.022237672407889035,-0.014395078184010264,0.24508739540009375,0.3524273795848766,0.6658358790880592,0.6109124530508219,0.6938255827981795,0.7419826617278933
2023-03-02,0.004180316824024188,0.026540605036698237,-0.06032260104867059,0.24407423376498663,0.3524436495412705,0.6629580730950723,0.6117402694897609,0.7202112800985869,0.7399257018146663
2023-03-03,0.034441395273167856,0.024598356454489108,0.03545613106161596,0.2607947927834998,0.35431193242752324,0.649861750834124,0.6119387402667342,0.7187699177890364,0.7401296484319682
2023-03-06,0.018369900923881858,-0.014346237611467631,-0.02032756408066168,0.2604946928977092,0.35478901144578706,0.6362031492615664,0.6129763448134531,0.7185712361701925,0.7404713332685916
2023-03-07,-0.014548368332315369,-0.011111225425070835,-0.03198007903427439,0.2588865166232969,0.3542144023607261,0.609085842544658,0.6091113526757198,0.7047450603032642,0.7368883197395575
2023-03-08,0.008329771949530622,0.03753339575241383,-0.03089153160158648,0.2585000889087484,0.3528855604185818,0.6156356398109409,0.6086135860819726,0.7138495256987636,0.7381997577668387
2023-03-09,-0.015043910237666193,-0.03110801489704282,-0.05117762727736444,0.2626653161895929,0.34989316452186114,0.6256711728090877,0.6114215012865647,0.7340441209040914,0.7426643024502538
2023-03-10,-0.013974856019315801,-0.020272421663017227,0.0030026584518504807,0.26379485802937186,0.3285590640053744,0.6278813038967934,0.6087519777549364,0.6725892831761746,0.7421067832079286
2023-03-13,0.013166121644464039,0.0,0.005978403642092121,0.263619357403886,0.3283477733105723,0.6242118131238305,0.6066362851314102,0.5997849817946692,0.7422576246330708
2023-03-14,0.013992796849576862,0.04640117316045258,0.049095787643693566,0.2581208868241347,0.3278439508081184,0.604475197160356,0.6103917893128108,0.5840981386595973,0.7473249890431491
2023-03-15,0.0026558677054716226,0.007046661282960285,-0.01545217844826967,0.25732939889756895,0.3214097402212226,0.6033926695779739,0.6081222645112868,0.5765594691697439,0.7417330799807658
2023-03-16,0.018461254197942385,0.05269668752662195,0.020188298790331252,0.26123125630733435,0.31403446692392,0.5903470258331618,0.6128240582460782,0.5637706263967497,0.7426371113689946
2023-03-17,-0.005417591005912963,0.007028533424584992,-0.02196321744366168,0.24119144490709427,0.3141913875896474,0.5836889474489458,0.607731271768009,0.5563772109771181,0.7410275652304655
2023-03-20,0.015327961329766328,0.006979477731525676,0.017172528331293763,0.23514818887074773,0.3150426536796092,0.574621828030438,0.6077072706874336,0.5582085453769211,0.7368477320539235
2023-03-21,0.01191710669304106,0.011525290849053977,0.0752922248495672,0.23040925050150662,0.31550183614396216,0.5743472432193918,0.6072925778686877,0.5964972345134653,0.7460702129819344
2023-03-22,-0.00914942880880207,0.0102603978225544,-0.0330851054739062,0.22639521932159343,0.3103567633492055,0.5600149790377349,0.597460592323175,0.6034744158103678,0.7375120872118338
2023-03-23,0.006917783160464357,0.02685726513394815,0.0055820892527163515,0.22003735568463084,0.27654393218158707,0.5630800316464165,0.5588793961953987,0.5997339614400895,0.7278562938681817
2023-03-24,0.008263984479356362,-0.01520518817822862,-0.009460907408649825,0.2193577570587191,0.2751114815843578,0.5666722867480997,0.5576499682020767,0.592795637876271,0.7265783926134645
2023-03-27,-0.01235763225828162,-0.009386214959093576,0.0073256567471083,0.22329337830088192,0.2754499832583211,0.5442838186873402,0.5580504274082713,0.5749946364780851,0.7253873652857621
2023-03-28,-0.003981766226619983,-0.004536869785701546,-0.013753497635268667,0.2178255654947846,0.27492327085373625,0.5428125681366952,0.557488907012916,0.5753945994459798,0.7251078125453622
2023-03-29,0.019562863021169677,0.021369135528873515,0.024487609878847183,0.22386936439630487,0.2763225197737001,0.5268951854639549,0.5511690267387178,0.5378810110220281,0.7232416406522209
2023-03-30,0.009858483034317392,0.014727806710243386,0.007195015107529423,0.22228477008128955,0.2759955842408167,0.5257108079909113,0.5502704803995035,0.5330462207226396,0.7224785402750908
2023-03-31,0.01556186276088026,0.014153747438093766,0.060504123918977325,0.22291405740575268,0.27705297026286557,0.512095326595053,0.5489713712519387,0.5369928357028947,0.7287542919833536
2023-04-03,0.007660524669054733,0.006823513636372393,-0.06311917476187355,0.22140014775909167,0.2745392214080925,0.5006860916440273,0.5485692946613335,0.5601424228040112,0.7266989517999763
2023-04-04,-0.0033021493957592217,-0.018422048879303984,-0.011307723429670544,0.20353172730801516,0.2737195391972995,0.4900502245824879,0.5460876132554718,0.5391795808617327,0.7268024474732072
2023-04-05,-0.011334358126983695,-0.020999113854420375,-0.03734895886486168,0.2081121204260241,0.27438115652809825,0.49784364018868893,0.5464629193915552,0.546363554850166,0.7187637401524088
2023-04-06,0.005498423020753,0.005568976709432706,-0.0024825961263920913,0.20822153826787435,0.2722235956703491,0.3353689592482552,0.545341201781725,0.5457487394256649,0.7187694186373099
2023-04-10,-0.016085804721958637,0.02015827834093351,-0.002976434267093262,0.20638741474734665,0.26973371370268345,0.332462232718728,0.5429738885321667,0.5413460773763983,0.7187881467185419
2023-04-11,-0.00766768887768522,-0.014988399765513413,0.012281328617420638,0.2082232711643383,0.26743789773857496,0.33754806674695786,0.5432714784426091,0.5174799227613041,0.7188037537631659
2023-04-12,-0.004362815557293946,-0.0253650301409345,-0.0340326313012028,0.20846333454771843,0.256026860167114,0.3452930834855649,0.5314449725983944,0.5247919526436199,0.710174440270725
2023-04-13,0.033584664769965286,-0.0011340012555243048,0.0292565348573895,0.22025038974357833,0.26180574256300204,0.33644464196860957,0.5313947103038243,0.5327216147812646,0.7119574285187235
2023-04-14,-0.002146910807764074,0.011282556690311472,-0.004853069649073589,0.22105489727866978,0.2617531346796375,0.33086035322718294,0.5304039603539721,0.5042588295344498,0.7119906108709714
2023-04-17,0.0001228048632269781,0.00893527910581287,0.010966672645433396,0.20170692560093748,0.2612920115326294,0.3257096533454398,0.5292153469146891,0.4937396719162203,0.7036159669938525
2023-04-18,0.007462721201589594,0.024168148119859303,-0.014703375160226897,0.19690284592013732,0.25741997815917494,0.3259013360677015,0.5249649899574029,0.4921785616745003,0.7036269634569674
2023-04-19,0.00698390474150493,0.009721048648761622,-0.020389854099279486,0.19035750760783157,0.25621717369090136,0.32232198301407144,0.5249894489876511,0.48709736442147433,0.7022976210202382
2023-04-20,-0.005887546975455272,-0.03018959950415666,-0.10254041923271046,0.1915815381878831,0.25597320058962686,0.3246144145274877,0.5194713219725065,0.5632469553572018,0.7231051972387447
2023-04-21,-0.009849282814479422,0.0007382798415811346,0.012741355652839684,0.18791577972105739,0.2565656271991118,0.3075247502197051,0.5189025411954761,0.5466258768534352,0.7213774129381191
2023-04-24,0.001904002049268254,-0.002956395353602489,-0.015444558134466678,0.180920513053461,0.25538068899260713,0.2992078941407413,0.5171850326676181,0.5479049795481865,0.7136923726018017
2023-04-25,-0.009494522618459395,-0.030054854196499073,-0.011633074694670812,0.18240033386907537,0.2558850984215931,0.316157491464646,0.5186926695904902,0.5480089514469353,0.7105104447834816
2023-04-26,-6.19482732117653e-05,0.026718428487953725,-0.04402466536861639,0.17944610897617344,0.25428430485936715,0.29808739371169846,0.5181672699305776,0.5378200349021086,0.7129998143090233
2023-04-27,0.02803836360975841,0.009976066478444148,0.04103270402676482,0.1942822227579775,0.24401715619858,0.298486650639485,0.5122690852461572,0.5537394157201266,0.7162775714483178
2023-04-28,0.00750146044739502,0.019297886325735078,0.025394276750347666,0.18933534200471483,0.24244818700364348,0.26482021747200685,0.5105016785257696,0.5559143206982509,0.7127547534042102
2023-05-01,-0.0005382292388402768,0.04098065485045724,-0.015208485934945544,0.18801061606702504,0.24044764732584772,0.2869260601861709,0.5121494047139856,0.554338637664513,0.7132496021101535
2023-05-02,-0.006240644316151958,-0.024528209352122687,-0.009436960827211908,0.1861019664271832,0.24085882596836927,0.298294064445009,0.5139925995818861,0.5510409184768732,0.6989136392267351
2023-05-03,-0.006461570233849163,-0.014650967799823472,0.001869625373223739,0.18545309508187996,0.23873650993656673,0.30131103887561966,0.5141576413393023,0.4971572984318797,0.698890673731202
2023-05-04,-0.00998547020797685,-0.008676844025688971,0.003666763997721939,0.18589211257025826,0.23546117666754016,0.3017857823415355,0.4972364627761265,0.4917212159330669,0.6802562841492992
2023-05-05,0.04586615987999594,0.0398629290995171,0.053505485885118616,0.22554779912464495,0.24618187620127957,0.3134673321432352,0.4996785583415416,0.5200595161401796,0.6846022683155876
2023-05-08,-0.00040922510874790916,0.01626614857131743,0.010121484680707614,0.22516826080193256,0.24456519947668134,0.3119161046556352,0.48080654671948286,0.521395037669445,0.6513159877836328
2023-05-09,-0.00999009307508641,-0.02011163486932401,-0.015486905411636588,0.2238982063466413,0.23862002636458843,0.3170722444112322,0.4825181810304305,0.5214977520511479,0.6505311922955636
2023-05-10,0.010340867705985074,0.010799617243705572,-0.003612784882510316,0.22401711274141048,0.23531252331812297,0.3172422571833453,0.4795109306389748,0.5207094852874595,0.638742051363764
2023-05-11,0.001109975285569538,-0.0107996172437056,0.020786374615267507,0.21862702323376063,0.23533680509095753,0.3147311765888982,0.48036279817336075,0.5190669106729114,0.6392691500208164
2023-05-12,-0.005444818931342755,-0.008088667276500226,-0.024114560261993732,0.21870444705636619,0.2252209133720073,0.31360167950696677,0.4787204898738694,0.5211394323227103,0.5995232699984451
2023-05-15,-0.0028807451063419987,0.021310850162524677,-0.00975092223299534,0.2153305114868854,0.22519517329589775,0.3168498557023373,0.47783814680535625,0.4827455774712609,0.5951210566378087
2023-05-16,0.0,0.008947065877979615,0.0010214198622891175,0.21455825380242513,0.22400373271133914,0.3172259588779117,0.4728694670286922,0.45326245484839434,0.5924126991443902
2023-05-17,0.003584970487558699,0.0323587383071709,0.04313495532414353,0.2142282047870053,0.21715204041202738,0.32364743419383474,0.4714641405441503,0.47390686506123275,0.5950163648877401
2023-05-18,0.0135763192308787,0.04855322541699074,0.017277692804497764,0.21348651723289677,0.2178381179832567,0.34086685406622297,0.47095485595849196,0.46629597787986354,0.5886593200369419
2023-05-19,0.000636408364214494,-0.013038823618700039,0.018206255900180657,0.21331238450337892,0.2178759804677449,0.3450604375315499,0.47193815482141505,0.4697932051281699,0.5887554008835354
2023-05-22,-0.0055096558109696955,-0.0028850797380231027,0.04732462135215794,0.20760017747239629,0.216318985492417,0.3426315025545558,0.4722494402350309,0.4900433750397357,0.590749539067972
2023-05-23,-0.015295208664143961,-0.015855371789794077,-0.016549598304441932,0.21196460254777533,0.21839676101978914,0.34305975511354775,0.47207180421680717,0.49128520828822964,0.5918159217038842
2023-05-24,0.0016521127194227378,-0.004904374715089764,-0.015569794006492834,0.2110599845076767,0.2180594543597854,0.3327849705780249,0.47164731938327004,0.4830765838484853,0.5923148233190471
2023-05-25,0.006698420956207353,0.2182150051130607,0.008547293236668061,0.18986725146295566,0.2179294309501707,0.7018054270185783,0.5864090705283119,0.4760163201044063,0.5813625787072388
2023-05-26,0.013956960684018537,0.02498178315482313,0.04608378158471369,0.1928851256483011,0.21830479410097578,0.7027982791868128,0.585286832968264,0.494284899265832,0.5841245695719277
2023-05-30,0.010627092574286193,0.029626169780147142,0.040529981085562244,0.19437179692299042,0.21864205870096373,0.7044420718328955,0.5813496244620183,0.5065111308908818,0.5864817297140581
2023-05-31,-0.0002857387795535391,-0.05856835415106742,0.01367618640049169,0.19391356065923016,0.21703716963900072,0.7334560586592221,0.5856456046497616,0.5048469174540376,0.5821731840476313
2023-06-01,0.01587694952280726,0.050049134498128894,0.017450922863877952,0.19752402451367937,0.21542046334778175,0.742373822326051,0.5796935612088808,0.5012701101042651,0.5704943363483057
2023-06-02,0.004770332025072346,-0.011388203553302504,0.030608097710725753,0.196031713997122,0.21509618582154094,0.7351018515350661,0.5805760355484928,0.3901131375599891,0.5721901209113146
2023-06-05,-0.0075870766061403635,-0.003825071602438155,0.016868651529341906,0.19487049189840167,0.2154292590922065,0.7358498374621703,0.5808422992676127,0.39063356602285587,0.5725682971682543
2023-06-06,-0.0020329801445121876,-0.013374684967561836,0.01685996375611918,0.1953726517123482,0.21459481021188176,0.7383364462314109,0.5812212251805773,0.3840824627556954,0.5477097187405032
2023-06-07,-0.007831604638819448,-0.030763567037139738,0.014623029026129395,0.19452581886016754,0.21444299363552913,0.7386892185413578,0.5836549518318006,0.3785607157643136,0.5208855105192156
2023-06-08,0.0153779602119991,0.027131915834277143,0.044802129346485114,0.19768071677143148,0.21212017999277497,0.7387623490516219,0.5732769848254089,0.3526937126209988,0.5127860937118168
2023-06-09,0.002129687516820701,0.0067340321813441194,0.03981663536050517,0.18324574021123968,0.21184830536419025,0.7388953306184675,0.5729251985030166,0.35190415698659744,0.5130225090330629
2023-06-12,0.015554140931057886,0.018161389313033433,0.021974459259941983,0.18663332386045134,0.21278396840307814,0.7388022995449529,0.5636615580431596,0.35108747035533144,0.5089427308951885
2023-06-13,-0.0026493005892024865,0.038294087224362824,0.034927056700047136,0.1870523053263571,0.2051206486049057,0.7379191665627197,0.5639869535313005,0.34489816614773133,0.5085467918476527
2023-06-14,0.003475769684979895,0.04717406327065742,-0.007449113009805173,0.1851546095789914,0.20176322467701052,0.7366234606425948,0.564682475671344,0.34368828617741126,0.508789455273327
2023-06-15,0.011172688651520109,-0.008178571116432698,-0.003471887081881178,0.18440767570050848,0.199465290511481,0.7346682468987633,0.5651534444791357,0.3458983449793905,0.5076063558030303
2023-06-16,-0.005899399859402892,0.0009380863727333207,0.017969657103674836,0.18216813641477866,0.1978977575144973,0.7325845110932111,0.5607355400390572,0.3441161782795991,0.5080723298516047
2023-06-20,0.0004929481135012805,0.02591537905151254,0.05201269472648,0.13121530000945683,0.19504861172525328,0.729511752204641,0.561505895503288,0.34272690030457653,0.5136291543952219
2023-06-21,-0.005711163244582926,-0.017744445299071956,-0.05616654685303187,0.1330097945228946,0.19489960745231355,0.7352800643518927,0.5630945216789959,0.40136193353026195,0.5212684780703725
2023-06-22,0.016386645893819534,-0.0004651162874546403,0.019654495718791385,0.13431556350770854,0.1963330121940058,0.7297788309270044,0.5551135823090334,0.39193395778977064,0.5139109410540846
2023-06-23,-0.00168090049066112,-0.01902135545756171,-0.030738591680121472,0.13302298822891237,0.19450788404045374,0.7358812210130932,0.5561770181760568,0.41052146308719434,0.5164804613628815
2023-06-26,-0.007571873300269054,-0.03817810844294149,-0.06251407132990482,0.13614083459627863,0.19489904158795782,0.7476464900878825,0.555964054072947,0.4658402871164755,0.5145462579371137
2023-06-27,0.01492524517463122,0.03032373032779736,0.03729618440805883,0.13899017419353535,0.19509706007094066,0.747083873368079,0.5567700392914094,0.45930202691331107,0.5167162276364057
2023-06-28,0.006336612331338433,-0.018327014040165943,0.023813940041212667,0.1382442160270558,0.19403883266639535,0.7520764015375114,0.5541328467101793,0.4549571256952994,0.5077882879087283
2023-06-29,0.001764942295296482,-0.007327829565851434,0.004905214802887998,0.13798665310604186,0.19332059048330663,0.7540699039838669,0.5514882110316396,0.45410309562123663,0.5056039788804125
2023-06-30,0.022821909670440326,0.035640661249231494,0.016446535514863053,0.1492214264190232,0.18977501988766848,0.7549313748120453,0.5487969289997344,0.446010133466486,0.4970573282770758
2023-07-03,-0.007812744561249415,0.0025989382614544383,0.06668028368648576,0.1500094469963767,0.19063322616981987,0.7469126870549323,0.5488458631909703,0.47175101491014027,0.5077756741968138
2023-07-05,-0.005860165122034606,-0.002125901355755881,0.00946121231499129,0.15212576358354463,0.19118930547155083,0.7446881073795685,0.5077728394948833,0.4719616327873346,0.5078533263705702
2023-07-06,0.0024855244293346904,-0.005215753881967649,-0.021252275659659092,0.15001561815458356,0.18786291944240904,0.7450716562560513,0.5067156718028467,0.47299164213384887,0.5071249079252524
2023-07-07,-0.0058800328336160975,0.009463046722750175,-0.0076592566387059325,0.14220190277696462,0.18822994404436263,0.7410343647466827,0.5067164563410077,0.46889677953916664,0.5005227530372667
2023-07-10,-0.010951256646836228,-0.0075632598773153386,-0.017719748983374178,0.1482078550027448,0.18934946527763588,0.7415658031802177,0.5062648180253164,0.4700752628636389,0.5013116878873037
2023-07-11,-0.0027970541607164404,0.005205880190603327,0.0006674082561420069,0.14876042956027033,0.1873714190778509,0.4038695354289941,0.5039098457058664,0.4712676032670912,0.50046421050849
2023-07-12,0.008955203692251877,0.034790150539654736,0.00812142231974269,0.1461807915915165,0.18763524242966476,0.4093301544356088,0.50500611228958,0.4606027857092425,0.48884639437104377
2023-07-13,0.004049019916473277,0.04610548208282968,0.02149603583418137,0.14428069793289877,0.17991900889796855,0.42091786871956843,0.5083948776088232,0.4533918967246982,0.4868515734775558
2023-07-14,0.0007972151042723081,-0.010943422848056227,0.01244473220060919,0.14413954252495928,0.17794930159219802,0.3794508972215285,0.5080168722246867,0.4533373976104482,0.48534314581668675
2023-07-17,0.01711874518822157,0.021553027618934503,0.031484341106474446,0.1451868380741808,0.17729649385835394,0.35924423652811555,0.5076028949934697,0.45695514105302204,0.4835838816498078
2023-07-18,-0.0013064724494253727,0.02194144897578719,0.01014193576306746,0.14542127247477288,0.17717166304382267,0.35886905729528723,0.5056728764083539,0.45323591117069295,0.4798574369040117
2023-07-19,0.00703475973725518,-0.00888894741724604,-0.0071160067641748365,0.14295781405002975,0.1747649462139092,0.36040703531797813,0.5022243227771507,0.4556393507552048,0.4707505655181412
2023-07-20,-0.010124819021651361,-0.033505782008458704,-0.10244260731859882,0.14717822915830947,0.17382905112391098,0.37432723440214977,0.5047965139796787,0.5588874849741178,0.5043855397817648
2023-07-21,-0.006208912343098099,-0.026959413741476666,-0.011015180601812861,0.14626131046960106,0.17362350827388012,0.3712785235692149,0.5079519360625795,0.56028455098959,0.5050572147966258
2023-07-24,0.004213637330922501,0.006752220117286651,0.034175851923374335,0.1412440888003995,0.17259381177257574,0.36565647346648794,0.5036249330478101,0.5545228819348302,0.5019287645860466
2023-07-25,0.0045099452392431795,0.023718279083254582,-0.01414853111046682,0.14140578070315452,0.17262304586456703,0.3696859149215132,0.5044142756500096,0.5466857412981855,0.5017884689161745
2023-07-26,0.004541784320510317,-0.005051070363564998,-0.0035118892654707424,0.1359004651499602,0.1705681166275468,0.3688824326067044,0.4988414907589978,0.5438737732909764,0.5012280241235585
2023-07-27,-0.00663690346107947,0.009858771931668064,-0.03322999281895487,0.13753879857714782,0.1707400326856608,0.3553352462204715,0.49887398017568274,0.543763370223736,0.5032322021978679
2023-07-28,0.013437002337300299,0.018361029910891,0.0411050876824743,0.14159227336540556,0.17036553882843924,0.333903926284115,0.49927240110244236,0.5563487387994591,0.5066025620655714
2023-07-31,0.0031507476802413946,-0.0004281738451198668,0.0037087723033195487,0.1390043152397878,0.16961503084897614,0.3324441516810828,0.4993366883187663,0.556210667856339,0.49209598172471003
2023-08-01,-0.004289523102234361,-0.00493722157796471,-0.02406927925087352,0.13830405214024796,0.16887581000524363,0.33320331652044227,0.49965410909242053,0.5587127282656825,0.4904336214853925
2023-08-02,-0.01560696657423011,-0.04917758588280754,-0.02702132646086848,0.14728033943498736,0.17135726116014643,0.35817849131719276,0.5069258608918922,0.5415534407183653,0.4930622306837661
2023-08-03,-0.007339191843557691,0.005410292728247479,0.020295576170238732,0.14803095792762166,0.17176928927511786,0.3542804214056729,0.5057235684199375,0.520733869030786,0.4934295898563659
2023-08-04,-0.049203604154967245,0.003814657380181232,-0.021279886346763744,0.20207112085667062,0.1905171446928497,0.3543311413554612,0.5050945757971712,0.5208106863409087,0.49510928552727523
2023-08-07,-0.01740736862745047,0.016217172029187633,-0.00953877134205741,0.20765959083614957,0.19293337099266203,0.35150929457062857,0.5050866958106076,0.5140068918204433,0.4947528182339835
2023-08-08,0.005310446918621917,-0.01666520071051712,-0.006983965332246249,0.20770436538446232,0.19059776677001336,0.3350537280448844,0.5058238676034578,0.480027818213761,0.4937132700682334
2023-08-09,-0.008999126866475344,-0.04843172516743131,-0.030537655210693675,0.20329264469334962,0.19080058427911076,0.35661539977176215,0.5135784519559299,0.47591542059035147,0.4967923254757071
2023-08-10,-0.0012515646189417958,-0.0037700327405415183,0.012922461529572153,0.2018390324242756,0.1892474842125372,0.3523975810488602,0.5135396519410539,0.4719944115582579,0.4873227858532287
2023-08-11,0.00034149118146314423,-0.03678741540172137,-0.011024927753380737,0.20164734411602597,0.18889902416368115,0.3684364085023643,0.5181928317162483,0.47238881972774793,0.47530194691370453
2023-08-14,0.00934559774155161,0.06838855797685334,-0.011981652842817509,0.19065928781018415,0.18931002758828885,0.4062259699673889,0.5277275682299924,0.4699318100545192,0.4753584835637012
2023-08-15,-0.01128225817825993,0.004336421265288295,-0.028771658000086534,0.19175412091223554,0.18930049696939247,0.40631198173912997,0.5258685454797416,0.42649405995338385,0.4735391083670328
2023-08-16,-0.004972717514637459,-0.010531232862224868,-0.03210324538441743,0.19164271276683864,0.18939463833400882,0.4076347930885103,0.52654886136285,0.43030396117217834,0.4770081515648186
2023-08-17,-0.014661157272658501,-0.0032272964848657905,-0.02868772783632652,0.19409154234391873,0.18904955779819435,0.4074161510584544,0.5261320566535741,0.43290146993984663,0.47973076149568267
2023-08-18,0.00284511732055886,-0.0009240009897418075,-0.01716128703275739,0.1946925384650229,0.18853059805432182,0.40664570712084985,0.5251428641932313,0.4337606877917766,0.48045861763903536
2023-08-21,0.007681904527982592,0.08119757556953269,0.07071459295327057,0.19549567701087503,0.18864888189821524,0.46788174879246236,0.5377163689721947,0.48887051029125655,0.4903393609966059
2023-08-22,0.007908803903651259,-0.028091734867015068,0.008224474202147242,0.19770515318451362,0.18085076818246218,0.4767454516802137,0.5406645487026457,0.4901357832407999,0.4883794536341154
2023-08-23,0.02168351470784994,0.031282887452764634,0.015615677383111074,0.20701985069334777,0.1841226437692921,0.47478370573070583,0.5422447214631345,0.4923368618072733,0.4887056084712719
2023-08-24,-0.02649011585936296,0.0010614585435634947,-0.029216042447795618,0.21849615735145186,0.18980057188863594,0.45630324487552626,0.542295837659691,0.49090710748186644,0.49140970622484703
2023-08-25,0.0125400640086568,-0.024703221600604095,0.036493390791600154,0.2226603672723941,0.19049742844659914,0.4611115446306703,0.543874051201874,0.5036688241727605,0.4938553972654451
2023-08-28,0.008797710703529131,0.017676683588565587,0.0009635324680849117,0.21765700134601643,0.19068788716684854,0.4597005721124851,0.5442052824474213,0.49182328185623575,0.492298133554341
2023-08-29,0.02160655021669948,0.0408219945202552,0.07406609873705444,0.22852986310284318,0.19347385897132754,0.47056546373610303,0.5439016337411178,0.5428824219522179,0.47331998460727875
2023-08-30,0.018995319010944586,0.00979799632625303,-0.0010893247264551046,0.23501702713593922,0.1948512602681573,0.4703062863333729,0.5438396328223446,0.5428999875263065,0.4732508764612527
2023-08-31,0.0011315570892441824,0.0018264845260345028,0.004582710261060827,0.2335842269920238,0.19485054918729608,0.4584415485732773,0.5436597001358501,0.4562833690004255,0.471996324519335
2023-09-01,0.00847280915991298,-0.017384628438858917,-0.0519705883386047,0.23454581546101302,0.19431174353335715,0.4538768765873855,0.5416448857738396,0.4792551899085991,0.4807983911895491
2023-09-05,0.0012274196380484867,0.0008249123998405079,0.04579065145776674,0.2341961832473568,0.1942915599936841,0.4537777263823248,0.5406845282907571,0.48797279307907176,0.47851631662393707
2023-09-06,-0.03644270871654251,-0.030984266300168532,-0.01797810070329156,0.25569341900398895,0.19940030155447613,0.45954175735627883,0.5442795787181965,0.48895414234127427,0.47635741088058814
2023-09-07,-0.02969709378800255,-0.017589471074781645,-0.0017083494748933784,0.2672484526535334,0.20555863810602512,0.46240264022640204,0.5452429959471341,0.4889247269372458,0.47523436993436496
2023-09-08,0.0035265379816325966,-0.014605164246581445,-0.01196038178119233,0.2676674542581068,0.20561110769962518,0.4635690153224717,0.5429803219799519,0.4808102588236968,0.4748794728543163
2023-09-11,0.006564822671365843,-0.00860078077259912,0.09615123812461471,0.2648030969940032,0.20552493796244006,0.46074524189754673,0.5411742011938109,0.5448550130149992,0.49823202184197374
2023-09-12,-0.017181966755778242,-0.006889681659035191,-0.02254928647552029,0.2673218934024235,0.20736052535098232,0.4610390640364602,0.5405221772309932,0.5489703522667733,0.5004672062603048
2023-09-13,-0.011949918505046286,0.013732220220437972,0.01418042247910826,0.26842287715198687,0.20767036538431732,0.46294973572280046,0.5401796934901074,0.5455764863245798,0.5006573823009977
2023-09-14,0.008731154948964762,0.0019778052815701045,0.017320563087515017,0.2684018619661108,0.19355886693897578,0.43958422648554724,0.5370804566544143,0.540702298028846,0.49451522921584007
2023-09-15,-0.004153692368693404,-0.03757990852784471,-0.005995330713426798,0.26811356231234296,0.19369186458880538,0.4532585550824687,0.541464198769511,0.5386580639004183,0.49481316368328465
2023-09-18,0.01679651973244838,0.0015943517783414839,-0.03376458009204433,0.23529304947396198,0.19491278366155634,0.45312224442468496,0.5398808748911476,0.5445067089581667,0.497912633517886
2023-09-19,0.006177231963015118,-0.010294040346916989,0.00458837165896925,0.2306227520152496,0.1944369207226652,0.4511158098910462,0.5403697151517816,0.5435640870323081,0.49770002656273193
2023-09-20,-0.020202707317519355,-0.029873866815139698,-0.014780363193443006,0.23735710281048392,0.1974568704740853,0.4565863754938111,0.5428414482958257,0.5451434185347038,0.4980824130401283
2023-09-21,-0.008917772922054769,-0.02932902527816115,-0.026588998115315374,0.23733269049413222,0.19782024101395562,0.4428028873979686,0.5453765227997743,0.5432324878069027,0.4985047066929077
2023-09-22,0.004931977852435752,0.014291147913620529,-0.04323658765998384,0.23789760306183602,0.1979185814506374,0.4449882956470781,0.5448758524389704,0.5574472021431442,0.504361825165619
2023-09-25,0.00732392766578857,0.01456394370638038,0.008579555341287256,0.23898447574390294,0.19827783923427988,0.43345930847496167,0.5451003762484918,0.5569926282493561,0.5043814328560807
2023-09-26,-0.02366320696321926,-0.007374840133911072,-0.011687942302150128,0.24641424486104707,0.20219199628173942,0.3840489414163405,0.5433184031450407,0.5569356659416103,0.500783890960777
2023-09-27,-0.008923618002042355,0.013282927743446108,-0.014939818130478311,0.24568789256761583,0.20140801417926496,0.38608679889631486,0.5382468687336036,0.5520178083690136,0.5012251228593156
2023-09-28,0.0014829317306657881,0.0145031781904347,0.024154969988012188,0.24557171569357414,0.20142392422579966,0.38760723619235354,0.5378583903448347,0.5467020630315753,0.5018207265473218
2023-09-29,0.0030774718021108548,0.009476553064483738,0.0154654713554259,0.242439100340572,0.2013042374700498,0.3885213594694287,0.5378363656349399,0.5394364145848398,0.4967450784018448
2023-10-02,0.014722968824344278,0.02902039972016362,0.00549999393703149,0.2462926090487172,0.20118778806890195,0.3974116521605946,0.5384574281150645,0.5355466465545436,0.4956412764627254
2023-10-03,-0.007833090849123326,-0.02856041811131729,-0.020356834894898496,0.2461149819096412,0.20161373259345045,0.3261623486352997,0.5410389503604096,0.5027219954735267,0.49622361938505327
2023-10-04,0.0073089055084857414,0.01188585421345301,0.05764955638704592,0.2459395973996665,0.20167330451956803,0.3194561021291935,0.40194268294620694,0.5277172957956016,0.5044235067715788
2023-10-05,0.007140192294929306,0.014661365589011856,-0.004259326099351255,0.23793040514116295,0.2006631125073593,0.30820144433241253,0.40061493507424883,0.5269858483443626,0.4995024687554304
2023-10-06,0.014642390742462846,0.023676291257952006,0.0018440974913664877,0.2296034069642165,0.2013774543626914,0.31684802929420136,0.3995557945234351,0.5180407622043077,0.49551767412872927
2023-10-09,0.008457550059032584,-0.010772886422044029,-0.0033064236197276136,0.22799722286833216,0.20186990629973783,0.3102989540030059,0.3870301592652665,0.5092146151830554,0.495284167034958
2023-10-10,-0.0033971270355763594,0.011647203417631084,0.015097078193599225,0.22667720186146795,0.20018044588289638,0.30770414245084876,0.37877649023690224,0.5104125247451234,0.4951010938240781
2023-10-11,0.007908752103158168,0.021826906490482214,-0.002392663643128824,0.2184841358895338,0.20046490355601243,0.28981298162021046,0.3796358851869005,0.46431014014364064,0.4929008278518321
2023-10-12,0.005051366188032224,0.0027751111843335665,-0.015790003452865065,0.21112441365686582,0.20023582037507393,0.2881703761549574,0.3795127802801764,0.4667630985335463,0.49319551575468107
2023-10-13,-0.010354622622938167,-0.03205819256905469,-0.030395092654627694,0.21261490596821778,0.20096787999104043,0.30110401682085336,0.3829299205504802,0.4748828796365041,0.49547836809963475
2023-10-16,-0.0007356478276476219,0.013989299176513726,0.011088344244400741,0.21047353332519333,0.20053596950267275,0.3015726677418573,0.37945939908201753,0.4505094980689439,0.4952466025279218
2023-10-17,-0.008813134513348165,-0.04801989437419962,0.0036558800079517445,0.21116859127300144,0.19938998705782626,0.3299237623559554,0.3863108306509959,0.43036296787049866,0.4897840252826028
2023-10-18,-0.007452026460514454,-0.040433016815157444,-0.04893143371195357,0.18557996903991733,0.19971769889202956,0.3378495297439845,0.39250271708922424,0.45035169715097984,0.4923283170065174
2023-10-19,-0.0021311530687972797,-0.0023741701560390234,-0.09761628168008452,0.16500124839005786,0.1979260459486982,0.3352568922996762,0.39145469358698215,0.5299565638605399,0.5172017462977384
2023-10-20,-0.014812503990664425,-0.017020667402255857,-0.037588317645851396,0.1697070194677564,0.1993413469087515,0.336047576862538,0.3873402095438698,0.5382559114200752,0.5170113575638049
2023-10-23,0.0007020007308297848,0.037722418230090725,0.000424458232609034,0.1682786873450206,0.19923336901105668,0.35582645700120125,0.3843994994929124,0.4448800125952803,0.5169534400518164
2023-10-24,0.0025114635167299234,0.015708338705253823,0.020719359948007072,0.16157444579810026,0.19830103331428234,0.35895712330864604,0.3850389572853266,0.45063340865598767,0.5183580032350268
2023-10-25,-0.013566497897462162,-0.044045535838653775,-0.019117475035383642,0.16263041890199176,0.1992760000674197,0.37707693142210974,0.3921073804253808,0.4473261725083263,0.5180563011248492
2023-10-26,-0.024905501853277674,-0.03534798234422722,-0.031855005844139,0.17463674052205994,0.20328380721878148,0.3882861844090253,0.3939330229852349,0.44569186956128964,0.5121491048652355
2023-10-27,0.007909952783638291,0.0042094899351369135,0.007456578392479535,0.1766646530222482,0.2036920177943124,0.375642057880344,0.39298997489721343,0.4483853767592244,0.5045271084486455
2023-10-30,0.012253956497056916,0.01617682335455857,-0.04913754722063266,0.1730710606714156,0.20280990291799111,0.3794453119638187,0.39400063361262816,0.45777562409363665,0.5090874390126369
2023-10-31,0.002788409151491396,-0.00928194255546102,0.01747909894540338,0.172045519855644,0.2029068160477347,0.3792690730851388,0.3930395735829205,0.4628076581445105,0.5081104542790245
2023-11-01,0.018548398177438717,0.037331246365360574,0.023715748634539853,0.17226095524504298,0.20519681447401558,0.3865557802323467,0.3927894301177126,0.47229118479039883,0.49979875746507807
2023-11-02,0.020492284461323666,0.02751397620077634,0.06060746027773089,0.18036153448162068,0.20660257939757448,0.3840869489325863,0.3922121874866492,0.5088975539354753,0.5064353096976723
2023-11-03,-0.005198377934096888,0.03391688427816091,0.006613931560838684,0.18068008728419044,0.20640391538327077,0.39365234911218766,0.39487350180451763,0.4969220797228546,0.5048157411598515
2023-11-06,0.01449918790597934,0.01631789239544036,-0.003141864479203966,0.18424784252622864,0.20793764180522795,0.39414730093342354,0.3954425572872653,0.49558969296738914,0.5046973509880808
2023-11-07,0.014347609232449684,0.004582659411092237,0.013184016993166188,0.17338340460375123,0.20570532759061194,0.3930190106303964,0.3911907761680071,0.49746211826830633,0.5043930721130497
2023-11-08,0.005881064442832214,0.01319365953644357,-0.0003151095031587441,0.17067219267314826,0.20564157016749562,0.39299895162914167,0.39172067713156467,0.49625175406677463,0.49090813056389193
2023-11-09,-0.0026033747774913893,0.008131865911129027,-0.05616046656362236,0.17126266608121024,0.20547566235851653,0.391820907917808,0.3918619439317468,0.5128677075751156,0.498576562998384
2023-11-10,0.022918926311477246,0.028987536873252187,0.02199650658377443,0.18148099759571165,0.20913286984369625,0.3987033400849006,0.39445858141655704,0.5155112311155549,0.49941765749845396
2023-11-13,-0.008601501123928837,0.005986187759284849,0.04134177555324357,0.18083948177626052,0.20938832660418394,0.3914201064451991,0.39430357846457154,0.5321206922931111,0.5047740501820521
2023-11-14,0.01416923355346168,0.020976229845843172,0.05943803406376349,0.1815809664932794,0.2099948212036155,0.38323848056506155,0.3953376099177118,0.5602122196821481,0.5145053737680167
2023-11-15,0.0030678998200727122,-0.015434912434060446,0.022614185974656708,0.1810877069570033,0.21000607400413135,0.3867623610957568,0.3963434699753689,0.5369182387326787,0.5160649323248693
2023-11-16,0.008987862772413719,0.012002992239126797,-0.0388353484436374,0.18156077473918178,0.21001001304302638,0.3861710999448964,0.3927556686524252,0.5471983715440587,0.5196405588466457
2023-11-17,-0.00010652463392219192,-0.003646681512849428,0.003034903695154111,0.17816793642499495,0.20989970778407077,0.38179702646808594,0.38545133403078163,0.5473117562085875,0.5182243864601849
2023-11-20,0.009225451146705182,0.02227889436859237,0.005533106263681607,0.17841375735110343,0.2104656626551475,0.383835295755056,0.3865980142621232,0.54794339400653,0.517811710850893
2023-11-21,-0.004231019639490073,-0.009372887442946419,0.023491013075598737,0.17866078301473226,0.20859355293137521,0.38483314171346034,0.38543766663872137,0.5509166990715497,0.5165204764459147
2023-11-22,0.0034918822846842228,-0.02495311536219138,-0.029408316052721026,0.17790395003749507,0.2086736333512318,0.3886903081909449,0.38614266849428425,0.5562124168856477,0.5181119089961653
2023-11-24,-0.00699600055034029,-0.019289201192587157,0.005280427889254304,0.17959225985947092,0.20863408933448704,0.393210243942761,0.38723268758964086,0.555638456438141,0.5182145076524456
2023-11-27,-0.0009578035106732154,0.009587401490791627,0.0026721539451204095,0.1761388434648197,0.2079704317566666,0.38151262298085487,0.38331667108473094,0.5497889725625751,0.4898071651142576
2023-11-28,0.003189117192108805,-0.008750055827464137,0.04408335974028072,0.1759719575318016,0.2077915161235311,0.38098458030681864,0.3808064501804051,0.5647580483434362,0.495325691207948
2023-11-29,-0.005427566136162889,0.006673643121295485,-0.010512259133311158,0.17440509959943137,0.20785632943989207,0.3513841956142282,0.38080302306223346,0.5652446755697105,0.492080137776564
2023-11-30,0.003089875134271607,-0.028889726600650412,-0.01676963010954184,0.17195960319246054,0.2077794227469995,0.34039363779003995,0.38202938104075107,0.5492176659293124,0.49229673662027523
2023-12-01,0.0067326042208786544,-0.0002139723983771624,-0.005220199363515142,0.17175124413471018,0.2079527445580571,0.340131053135656,0.3819246257479412,0.4660229730523357,0.4923286437030252
2023-12-04,-0.009502393996322477,-0.02711368782999954,-0.013701443237958076,0.16762904835396988,0.2082605568996006,0.3466188960815959,0.3843122567141341,0.4530303259206831,0.4898011841589022
2023-12-05,0.02085003349385996,0.02303948899181054,0.013240758484757571,0.17513742541130775,0.2099961846194885,0.33635894483029594,0.38502748346556914,0.4537922441506799,0.485231188832789
2023-12-06,-0.005710259904167856,-0.023039488991810426,0.002719154972903161,0.17725577689607533,0.21013025592800222,0.3420129176189391,0.38694580680764895,0.45100031993753703,0.4852055479090521
2023-12-07,0.01008868754004788,0.023683888111950584,0.013568391392026348,0.1706128179126556,0.21071574094051326,0.3194228547796412,0.38893210094040404,0.44678406687712907,0.4842760490229411
2023-12-08,0.007409936228704984,0.019352012747181437,0.004933409117955772,0.14660015806232354,0.20941903529968778,0.30016470011470336,0.3812136419335185,0.4333393098017944,0.4823275667754331
2023-12-11,-0.013042872418637736,-0.018708028609866992,-0.01695726971932764,0.1557192716335988,0.21021709183313664,0.30823819640248207,0.3825191544348387,0.43820931620318293,0.48181676524062
2023-12-12,0.007918770215516898,0.021862273681168866,-0.011452668441141322,0.15438214578822793,0.19329783789286778,0.3105095741722534,0.38414828184590233,0.41061010436618123,0.48091798243893286
2023-12-13,0.016519944434082952,0.008987415495553874,0.009573871153411993,0.15813508669411847,0.1925945597141121,0.30776594508545674,0.3835123094082884,0.4093440907694899,0.480993874988214
2023-12-14,0.0007653256834181364,0.005395323318236594,0.047975916989490094,0.1531864606837901,0.1924671693734545,0.2926086876657169,0.38246931690096075,0.4243156494909735,0.48765820566551893
2023-12-15,-0.0027067762498053285,0.011113512203034807,0.009711700550523386,0.14659112382248854,0.19181857964047663,0.285133555669536,0.37360640677701795,0.3925221709919968,0.4851520223561907
2023-12-18,-0.008525551100349887,0.024063439931635244,-0.005617325582218654,0.14862986353063837,0.19246439804127155,0.27744274737316843,0.3753841753889547,0.39367099099596736,0.4848004053422752
2023-12-19,0.005349806998130262,-0.009434979154185072,0.020185252388921545,0.14506433521134854,0.1925912273801835,0.27719217140828273,0.37016595918007406,0.3955149623114866,0.4855482138091956
2023-12-20,-0.010780246243791654,-0.030721236380092283,-0.039976772161896504,0.14653787893814854,0.19311042588988314,0.2935147423024273,0.35686729602787065,0.41582012954485165,0.48985071137329333
2023-12-21,-0.0007781899694936336,0.018137347977118485,0.02934585831453319,0.14641398565236463,0.19202673746029178,0.29556514241467974,0.35797196718384805,0.42226132214565404,0.48972551782240886
2023-12-22,-0.0055687255204125265,-0.003273325344969249,-0.007731183980043169,0.1474947262072237,0.1920822012470903,0.2952532561332667,0.3575036603055802,0.38329929752841785,0.4867523641647011
2023-12-26,-0.0028222031902234664,0.00917905475899639,0.015987770572986455,0.1340699531491417,0.19035624686087502,0.2845032147820793,0.3576624848055806,0.38153246041734623,0.4847076060618848
2023-12-27,0.00047092065857343873,0.0028386069344356873,0.01864738908811739,0.13086426758234995,0.19033853076238255,0.2841361565412795,0.35764783930284233,0.36869361857293914,0.4844553365553612
2023-12-28,0.0022468983979434774,0.0020226544112612885,-0.03210411346295582,0.12525428429113067,0.19002688704109244,0.2775260153319379,0.33123620959532396,0.3464527872588859,0.4736816577817111
2023-12-29,-0.005443044788031747,0.0,-0.018738338808305364,0.1265002594704118,0.18998226771362822,0.2736876805277226,0.32766489441970714,0.3459510480555644,0.47466577883574457
2024-01-02,-0.03644733868822592,-0.027657196608868808,-0.00024149728432931988,0.16392260031321504,0.19678571496384198,0.2830877124374372,0.3270337423930338,0.3250111844976975,0.4739965951491619
2024-01-03,-0.007484533286402579,-0.012541970422878107,-0.04096121737181431,0.16507208903548268,0.19197369797561709,0.2850065143361725,0.3277293181855743,0.348051842605484,0.47648448333426374
2024-01-04,-0.01280370692050884,0.00900435358192464,-0.0021831319808953103,0.1655963453492178,0.19215705260103427,0.27801841473805616,0.32535221415298493,0.34781705129036716,0.47256791072256077
2024-01-05,-0.004007129137493199,0.02267203458783948,-0.001850995438251376,0.16556791914059255,0.1917323715930318,0.28567472164420066,0.32620646658524816,0.3408368158820085,0.47257461088582786
2024-01-08,0.023859852978437734,0.062217713169170824,0.012386650398585053,0.18092520823448766,0.1924844321329767,0.32938355642834055,0.33552161611372283,0.331446947112168,0.4561655840316529
2024-01-09,-0.002235003247134974,0.016899671163325088,-0.023096880833306986,0.18008226485577353,0.18984387279492204,0.3254091190644045,0.33627263128867013,0.33830374501866245,0.45769617311616834
2024-01-10,0.005659571049174859,0.02252724881613295,-0.004350614667803731,0.1810691071313514,0.19008045942896115,0.32963034739287084,0.3382224774656538,0.33842147025769864,0.45763219531018573
2024-01-11,-0.0032612269365146548,0.008615212299883641,-0.029145961080802474,0.1808494180385832,0.18959817933714027,0.3276401481796943,0.33700092424310607,0.3210674019303628,0.4520061414738906
2024-01-12,0.0017949908270812416,-0.002009683694575485,-0.037349390616695295,0.18047289101744335,0.18961278415228294,0.3281187450072356,0.3370470872809079,0.3357933641161787,0.44912204717579207
2024-01-16,-0.012413009691081903,0.03008422863003662,0.0046490512176933,0.18328094196023442,0.18066307997092393,0.32076994464011194,0.3359579231206433,0.33424994681959014,0.4484040945575013
2024-01-17,-0.005185646309124794,-0.005873470653822767,-0.020025470549612796,0.18208990310777146,0.17375612126232043,0.32217463377302824,0.3345919626470009,0.33786803364980805,0.4494733159073126
2024-01-18,0.03205803929115995,0.018745022776673056,-0.017172824516817793,0.20470610579823237,0.181622949797486,0.30827807661671514,0.3345201635207162,0.3389342062503536,0.44989421191524587
2024-01-19,0.015414358564710807,0.04085002496131597,0.001462023039682435,0.20042409296705815,0.18303746331673026,0.320136672043656,0.34005809359891964,0.33557090194764616,0.4183323012056049
2024-01-22,0.012110557199707215,0.002687270679973768,-0.016105243707524548,0.20290063580923293,0.18146998884106225,0.30674843171478733,0.33964211050982557,0.3367641943193252,0.41761028413507734
2024-01-23,0.006596227204547593,0.003683245416296589,0.0016270281619588474,0.20168116183890167,0.18035208572531136,0.30390633318016813,0.3391728085365913,0.33293670276203924,0.4166964092674524
2024-01-24,-0.003474476490362812,0.024594785971670557,-0.0062834463394608134,0.20074411340165968,0.18008002749611146,0.30592767602770843,0.3410757411129292,0.33162712039951414,0.41532425497389125
2024-01-25,-0.0017157567835032386,0.004068022858461877,-0.12925818962703148,0.19710185346911985,0.17992317469547828,0.2952401504695093,0.33398610194750994,0.4884805457272571,0.4658543595111202
2024-01-26,-0.009043212618017724,-0.009463278323043032,0.003389092562810636,0.19743803779451563,0.17875997075332767,0.2975998913030117,0.33470162343932036,0.48974374002015675,0.46339298055353756
2024-01-29,-0.0035770685169574674,0.023172064900341387,0.04105552795861218,0.19096214869477485,0.17868696215528282,0.3007296616957077,0.3354391953033939,0.508039296828992,0.4693112290457701
2024-01-30,-0.019422219053488253,0.004953273688879311,0.0034508033825278806,0.19811040938134453,0.17843212930313038,0.3007748520666724,0.3305020718444347,0.4814652883699051,0.46908449340076075
2024-01-31,-0.01958772373332614,-0.020124642797153744,-0.02269945436613868,0.20475773737445915,0.18094998292685355,0.3120174830917878,0.3281928668383043,0.4796742223737301,0.4685873635332045
2024-02-01,0.013281275126946431,0.024101423668459226,0.00834778209316079,0.2087127873379515,0.18204368437352636,0.3120348502242166,0.3294292674268854,0.4825050716979369,0.4641175820688448
2024-02-02,-0.005421830674941034,0.048495289318985745,-0.005042875033862011,0.20794128396467104,0.18199103845071374,0.3291493121956041,0.3371336000053046,0.47443366706267703,0.4637242975000787
2024-02-05,0.00979206612331695,0.046829322686466605,-0.037134656753766884,0.2088811216439683,0.1779187712552009,0.3232937953541151,0.3436417355509289,0.4729666822020354,0.4670116270009899
2024-02-06,0.008576841641827707,-0.01600266910672853,0.022067751532157384,0.21081429948996716,0.17756832596626435,0.3328294248472118,0.34527664803609065,0.46810119347454193,0.46850776424768587
2024-02-07,0.00058696407864356,0.02705409123677935,0.013309201501340776,0.21039308563370374,0.1775703399122075,0.3330999392057682,0.3468621559092,0.4731715897307597,0.4670831262927812
2024-02-08,-0.00577788896083039,-0.006587450428966858,0.010500176018595143,0.21082246382425848,0.17791904595564417,0.337389161376498,0.3473698696563366,0.4708229157763572,0.46660007598351844
2024-02-09,0.004122833992928702,0.03515077107611341,0.0209336070580668,0.21128322953662687,0.1764947558424713,0.343106043275309,0.34870755645399865,0.47208065383595343,0.4681163199635988
2024-02-12,-0.009071208978358055,0.0016632020466029684,-0.028505990934415217,0.21245156673608803,0.176681368352054,0.34320395416285426,0.34403438430082584,0.47073117500546624,0.4691735457706194
2024-02-13,-0.011333255811006783,-0.0016632020466028632,-0.022088765868823877,0.21418061041727648,0.1775306653196337,0.3437676720340776,0.3440842553934579,0.47137759285656566,0.45884485231515487
2024-02-14,-0.004810592560349438,0.02425607100792982,0.025166997786789217,0.18693592402417145,0.17743584819799857,0.32334066132876155,0.3451817187477115,0.4815949174101864,0.46141258927938955
2024-02-15,-0.001590392174865841,-0.016931043438227305,0.06035339394751154,0.1857237188173794,0.1758708124338092,0.3267354980035229,0.34584450766943264,0.5120236948946492,0.47358045607699345
2024-02-16,-0.008432822040022164,-0.0006887526961442792,-0.002497503795688609,0.18353036186326557,0.17595631925419955,0.32925291922935307,0.34494131590144694,0.5120052803451641,0.4735804868141982
2024-02-20,-0.004159855134775567,-0.04452066393855317,-0.03144705548804522,0.18356071128158208,0.17600549681636474,0.3687423551925639,0.3546596894516323,0.5171823108645048,0.47497333971622785
2024-02-21,0.004215203135343198,-0.02894092660500161,0.005199095437026451,0.16978871878911664,0.17565707782198264,0.35428443270557447,0.35784797902581117,0.5152832804578727,0.4751897093666278
2024-02-22,0.011172685637170545,0.1518812053922316,0.013463409035767935,0.1730436093482395,0.17643431549051547,0.546096531911028,0.4349935693754662,0.5162669786309011,0.4755400832008786
2024-02-23,-0.010121655254150132,0.0035609855765105416,-0.027943674458097863,0.1745204076103614,0.17639508831223677,0.5459939047152377,0.43029267360800527,0.5202030391055985,0.4751579256086036
2024-02-26,-0.007436216286686447,0.003548349940248138,0.03797374770825945,0.17548573817991475,0.1768572807934711,0.5464954011597613,0.4301063250285476,0.5311715933101648,0.47952219052059264
2024-02-27,0.008044203040249656,-0.0049457966518175024,0.00165359694934237,0.17720318163833867,0.1766796605279218,0.5472254549869219,0.42072546222586255,0.5220685185354251,0.47945891574941385
2024-02-28,-0.006652646777733932,-0.01330964106290311,0.011499243122771534,0.17462079148097517,0.17658453030585997,0.549296126698496,0.41456536429209834,0.5233227510760029,0.47359024654808857
2024-02-29,-0.003677908854753839,0.01850841014207536,-0.0007922361277902091,0.17431323968329118,0.1766656578283931,0.5474556430938415,0.4147324948896932,0.5207922826396035,0.4451183305947196
2024-03-01,-0.006047728142845885,0.03918666289996854,0.0037575442213581794,0.1454157518884952,0.1751366431112484,0.5529882752829812,0.41617271255042726,0.5190878578958461,0.4408411494728839
2024-03-04,-0.02571537762903458,0.035363857071944865,-0.0742446391496144,0.15233838901178484,0.18052731467839944,0.5507397107689916,0.41570837478869244,0.5601049851175475,0.4577781514385743
2024-03-05,-0.028823134690909132,0.008532574705805545,-0.040126832069995455,0.1629907823902317,0.1868756454953857,0.5501423475609887,0.4154858880934857,0.5688710468604183,0.46079212190440133
2024-03-06,-0.00594921143092771,0.03127940175966229,-0.023512054881722994,0.15971434096103482,0.18576267755921153,0.552248254174252,0.4080629949740043,0.5710606412089109,0.46131255130029225
2024-03-07,-0.0006565792458395224,0.04380906853238902,0.011881104877332176,0.16011590558814046,0.18096422363462078,0.5584957856106492,0.4055419065874044,0.573307434028194,0.45911299091440355
2024-03-08,0.010158402619762386,-0.05709490524403886,-0.018701638308979297,0.16560540130648244,0.18127541646750145,0.5946624470622277,0.420399591056653,0.4389601306923261,0.45974291762796077
2024-03-11,0.01175170701598207,-0.02020737311790248,0.013763633774154488,0.17124125179099053,0.18118272657252393,0.5987864825685989,0.4229351430439173,0.44096029462249314,0.4534331269821359
2024-03-12,0.0027999784961508936,0.0691717115927105,-0.001294644294420843,0.17222775647620645,0.18118319779042855,0.6211078758225084,0.434003104639465,0.4225509052977237,0.45233472640983785
2024-03-13,-0.012190269927528615,-0.011274817046017368,-0.046461009881814855,0.16757194434181058,0.17965791385499663,0.6246775717305939,0.4326482618119304,0.4408849288749617,0.4565378540364482
2024-03-14,0.010849591810012446,-0.03289991254622637,-0.042056923988566246,0.16474189695846886,0.17722847250386112,0.6315063341483907,0.43691693418354566,0.4514294489029856,0.448835002794377
2024-03-15,-0.0022189790126859515,-0.0012522057530139864,0.006563031500642099,0.1581737407034129,0.17706348434921274,0.6315285470920777,0.43492803723436896,0.45100950992070676,0.44883183050688513
2024-03-18,0.006351817631897113,0.007037486479595517,0.060664179560857595,0.16001890375051891,0.17566410431050228,0.6215283551947497,0.4346682313560004,0.4892745497418951,0.4614145093660545
2024-03-19,0.013501243625605919,0.01057615618772387,-0.014372060084121584,0.16277341223185982,0.17546963238109395,0.6115012856779387,0.4346767774555004,0.4796674267873542,0.46105228339166127
2024-03-20,0.014621224772764344,0.010908389556315118,0.02501715574180114,0.16709882006702162,0.1769485180101305,0.6070987398695443,0.43460725500676445,0.4810192852598964,0.463395276892729
2024-03-21,-0.04174960561168571,0.011666432122358234,-0.016299718075718082,0.2028810068230783,0.19007266632812744,0.6048382178998339,0.43466507581265457,0.4806216525910922,0.4550774588683524
2024-03-22,0.005344308711924878,0.030708656619166143,-0.011581680454286902,0.2042540718139772,0.18613234794792177,0.606218832775293,0.43491648835511787,0.4795988649188823,0.4534956883885912
2024-03-25,-0.00835200714300173,0.007505717355018387,0.01048166586949124,0.2037137181355693,0.18610343483197336,0.6015700758462192,0.43490966925816565,0.4759204150657792,0.4479472140356601
2024-03-26,-0.006696519735388538,-0.02603369047506765,0.02877732121935716,0.20324883613627834,0.1846020916791639,0.6098763331420232,0.4378717722300706,0.4790450063167334,0.43871254588330566
2024-03-27,0.0210050966977067,-0.025287319714649335,0.01208406312929099,0.21344159480716776,0.1881518803147552,0.6170174266738857,0.4396030226974757,0.476767701702934,0.43730836541446566
2024-03-28,-0.010653343556444502,0.0012187691941294254,-0.02272185936530601,0.2147346411121789,0.18810257585429832,0.6151813050784746,0.439612823471885,0.4743275973903606,0.4344265980212372
2024-04-01,-0.00845083775359775,0.00011072357869910184,-0.0032477735735818264,0.21543568830315432,0.18849451683602178,0.6114637511474619,0.4394075311681695,0.435478139084024,0.4343001670095457
2024-04-02,-0.007027603218418777,-0.010126387094179897,-0.050266541687685684,0.2151437029263737,0.18790996432257964,0.6131407593532622,0.4395072354979988,0.45514806957499376,0.44109654633824086
2024-04-03,0.004769863562918366,-0.0054954436512308314,0.01044754435898571,0.2161206987736102,0.18812702715628515,0.5948288905762855,0.439161641502669,0.4510329499967226,0.4393439743874957
2024-04-04,-0.004889402144137669,-0.03501902629958134,0.016083294634361145,0.2153594692137255,0.18804757171131226,0.5983820305352701,0.4415142300052471,0.45419659165386345,0.4384864970853374
2024-04-05,0.004472946178336396,0.02416410289014584,-0.03696739497832589,0.2125022773180022,0.18805617493766633,0.4193276244855849,0.44036770328524827,0.46051515961320044,0.44178080356945726
2024-04-08,-0.006686991303818049,-0.009940098981912095,0.04783675131281243,0.21170391599403587,0.18827540425598596,0.42121513302910774,0.44122764320260566,0.4810510518007918,0.45008600536663274
2024-04-09,0.0072224028398538845,-0.020650385784044843,0.022295555670825175,0.2130965895856224,0.1886689339135633,0.42691494357359566,0.442844044754698,0.47136172474318816,0.44501811985888134
2024-04-10,-0.011183992654862638,0.019501488598845935,-0.029373382978665246,0.21236187145577193,0.18927332812123765,0.4290642085321683,0.4433832104873932,0.4766787282085723,0.4469508626692868
2024-04-11,0.04233405220402154,0.04032986286740776,0.01639948983497625,0.24899196492199335,0.20277830986173137,0.4390093530853717,0.44283225110638913,0.4783637765004632,0.447693639515107
2024-04-12,0.008610351112202765,-0.027196572973016128,-0.02054173198188807,0.25046897330701406,0.20300250599214503,0.4468334548646847,0.4464244491629568,0.48032296263031443,0.44858978576328057
2024-04-15,-0.02213387477915208,-0.02504438763953134,-0.05757461543887375,0.2576433285305697,0.20560642471122095,0.4411489413970294,0.4459892749764004,0.502408860150552,0.45728006157437645
2024-04-16,-0.019352778163316462,0.016269902535693673,-0.027435099025233882,0.2530266801352966,0.20450401574707402,0.4317758911103784,0.4454466086021023,0.4653792315942953,0.45795326729680436
2024-04-17,-0.00819554134066497,-0.03945423017246757,-0.010622060454743306,0.24012658326910735,0.20469244468714573,0.44649729488871953,0.44940993588517053,0.45430726988173203,0.4578896701120928
2024-04-18,-0.005722734813304801,0.007591069544478781,-0.036155617997950966,0.24008215908332728,0.2038686343244244,0.436903075860682,0.4485055244656425,0.4602176689597093,0.4597984750714163
2024-04-19,-0.012278296725579172,-0.10545242319890467,-0.01939585350680777,0.24253521086665406,0.20404928165687258,0.5102662387940219,0.485575948974556,0.45891075105415574,0.4600601458145553
2024-04-22,0.005063301956546855,0.04266902720050629,-0.03459355669980712,0.24097938459372858,0.20349383391334563,0.5062521861547027,0.48785727494183423,0.46485876191711745,0.4622321916413797
2024-04-23,0.0063688687666600555,0.03583727132431841,0.018345298783700146,0.2390070805904175,0.20330323599324876,0.5158557235432292,0.48970629086385586,0.4668241438724414,0.46388953444235226
2024-04-24,0.012677029995419252,-0.03382620981193904,0.11387407547808058,0.24211920704152898,0.20242796364217133,0.4785615220491705,0.49420805093082004,0.5835164331805068,0.5045268557819262
2024-04-25,0.005121192637248841,0.03637212862663023,0.04845821785943356,0.24024593970590513,0.20271171378626754,0.4926438322382041,0.49688065977887813,0.5869597970022922,0.5046690463051666
2024-04-26,-0.0035105501200607533,0.05991925996863858,-0.01116801869642937,0.23807987119422996,0.20272755710201648,0.5168316559685825,0.5049608230272679,0.5743564779397817,0.5042345055779436
2024-04-29,0.024551584963988807,0.00022805017202584768,0.14242717608993344,0.2490084326943865,0.20708397738040712,0.5168202815856072,0.5041877441873408,0.7054663053813409,0.561005658507456
2024-04-30,-0.01849024004546166,-0.01551131231668358,-0.05710081966967529,0.254009050812069,0.20874087797379423,0.5182705780190017,0.504824534937092,0.7082913126516522,0.5668734071694509
2024-05-01,-0.006061344918527181,-0.039683997850008625,-0.01811374435385225,0.2508418718029385,0.20830209649942014,0.5290579139404898,0.5068973894338232,0.7091148642547155,0.5640927228927227
2024-05-02,0.02181433040845081,0.032828687205732204,0.00011111111122521166,0.2556320367181291,0.21193698328889585,0.5376153652135843,0.5084816197157276,0.7056473131541342,0.5613841232826402
2024-05-03,0.05811374490240982,0.03404145094843339,0.006533799545403051,0.28020607785401186,0.23394791372206256,0.5463000513314598,0.5103373232623418,0.7039359541200398,0.5616121326185765
2024-05-06,-0.009176404911755863,0.03705561378251228,0.019511481114388544,0.28197180095365465,0.2343609713874126,0.5497978394870774,0.5128549751525835,0.7046534045489452,0.5619925238110244
2024-05-07,0.003769196857459994,-0.01730601789419625,-0.03834212109454811,0.2803726654226288,0.23447094980362218,0.5512536827895909,0.5144180709506854,0.7140610886544885,0.5636785233572823
2024-05-08,0.0018792842143770824,-0.0015479879252149886,-0.0175308719113163,0.2791123719822683,0.2344590197434334,0.5463676922018216,0.514545271910301,0.7110060659850151,0.5621673782680199
2024-05-09,0.010000083334583399,-0.018652464598330684,-0.01586464956043211,0.27454531833542833,0.2349841724463249,0.5441153658236857,0.5161760298660872,0.7113019396865218,0.5619763461460168
2024-05-10,-0.006912469920623451,0.012659105925581407,-0.020562350597995414,0.27324647888852854,0.22724462677471055,0.5454488027934999,0.5130246535253009,0.7107691358033907,0.5626107386449192
2024-05-13,0.01746292671542988,0.005772021797122191,0.020097044941952816,0.2747676291019131,0.2287865020049457,0.5457215323842173,0.5119705541499845,0.7134620721612664,0.560623324016864
2024-05-14,0.0061482234443946794,0.010569293590011384,0.03239752204903156,0.27320213748768135,0.22794439464911018,0.5456771924229409,0.5119934326505277,0.7036561365144932,0.5638541165769887
2024-05-15,0.012131077292038607,0.035185726587480946,-0.020254433090472083,0.27432406623884154,0.2286671356548515,0.5543323396514388,0.5134934693501607,0.706119177571447,0.5645650777235239
2024-05-16,0.0006372132755968164,-0.002858808659936286,0.004873443696488967,0.27327346460560514,0.22523765889622646,0.5433688335669092,0.5052639681087799,0.7047973760169334,0.5641078693190701
2024-05-17,0.00015923989523814047,-0.020135627279107164,0.01487396141207806,0.27348842864252126,0.22519751263284007,0.5436354324893206,0.5069175062373896,0.6966782064701115,0.563958817451419
2024-05-20,0.006137910163564427,0.024579138610756928,-0.014245012593494734,0.27173046633038567,0.22523111143330177,0.5464377454686333,0.507116721961689,0.6846622981791954,0.564262969724814
2024-05-21,0.006834218588327338,0.006418709889236594,0.06446706959954646,0.2716957637694772,0.22541074204194098,0.5419554867654351,0.5071001670502469,0.7069408396398601,0.5737514847392257
2024-05-22,-0.007573004901613451,-0.004625744160797436,-0.035399513064277216,0.2701129543704203,0.2257944582778262,0.5403535834173223,0.5072383036590887,0.7094599481284892,0.573422325664301
2024-05-23,-0.021234259204587713,0.08916045349492537,-0.036007846517191675,0.2548285915612998,0.22767786561888403,0.5863231769691345,0.524478629534914,0.7161764680135028,0.5760835736064951
2024-05-24,0.01641879811993032,0.025315398342832345,0.03116576108616776,0.25751874110766776,0.22908996351775857,0.5813645557694482,0.5249440605602992,0.7190659162794069,0.5780688892520487
2024-05-28,5.304336296168599e-05,0.06749439632795688,-0.01398938514126017,0.2468942347831198,0.22276501747037986,0.5996175484829944,0.5342539600326444,0.6987277297315554,0.5778575797076956
2024-05-29,0.0015899939749948497,0.00813617191097993,-0.003173346574144334,0.23753385196803437,0.22127170582752564,0.5992667860850532,0.5312975887870768,0.6930562230891987,0.5778306788651255
2024-05-30,0.005229115308859501,-0.038457738630623337,0.014648974561190858,0.23475120076454295,0.22049962223504502,0.5985718600749008,0.5367435818303223,0.692349825290931,0.5780064859565259
2024-05-31,0.004992259245080091,-0.007817510951684006,-0.003979045236493952,0.23279272114445682,0.2203775683588882,0.6005777453558107,0.5372804219616996,0.6820696934276257,0.5779905798313596
2024-06-03,0.009235410402394293,0.04775537696932581,-0.010102521229582731,0.22742210446804048,0.22085857588172705,0.5041329318002263,0.5408477986433563,0.679621613049782,0.5781100316312153
2024-06-04,0.0016606127324179792,0.012450446148928426,-0.008659542519382177,0.22768575002885502,0.22085647052462573,0.49660520184160767,0.5409019187876541,0.6702377314733169,0.536570384716961
2024-06-05,0.0077990220477371355,0.05027025880587068,0.001315150145244329,0.22777993213373643,0.22069328275257427,0.5041499929364657,0.5449514304320712,0.6695298515121892,0.5365391664202708
2024-06-06,-0.007125185038956872,-0.011836403189327606,0.01666044089310717,0.22949283764817477,0.22094616501516853,0.49016308387642726,0.5452921750367444,0.5881992467944115,0.5327271233476324
2024-06-07,0.012308006133777765,-0.0009099558058499588,-0.002588488305912631,0.2305443679179076,0.21934601433164436,0.48722863623508217,0.545453296652125,0.5723883013652737,0.532687075009634
2024-06-10,-0.019327768209875165,0.007420878382288211,-0.021010252734066218,0.23996067833818077,0.21927889297172942,0.4663103175341909,0.5434783297021528,0.5749711767610332,0.5324983582336156
2024-06-11,0.07011935010910765,-0.0071726264880925756,-0.018174400668203614,0.301587118319598,0.24744471765469422,0.46827584739537864,0.543307218199372,0.39078011192288353,0.5330529724119817
2024-06-12,0.02815601231274861,0.03488016694437088,0.03811353680185033,0.2990257833935723,0.251259869082601,0.4665502188970327,0.5408520899619617,0.37610925544687285,0.5370317808830991
2024-06-13,0.005518491471070062,0.034553889130335885,0.02879896603815474,0.2963308647137173,0.25096441161808064,0.44363079651736925,0.5386839408403681,0.3822036491280513,0.5356785802881561
2024-06-14,-0.008218059759043866,0.0173704486164548,-0.02474604745910234,0.29685464452070215,0.2511968829010523,0.44043505181435777,0.5375505195374163,0.3891257689159571,0.5359668423492507
2024-06-17,0.019490132525133846,-0.006850905991594106,0.05161906571019877,0.25743262942058504,0.2530269209070585,0.4404744137581889,0.5370205304302961,0.41701889932807823,0.5425415972213546
2024-06-18,-0.011036916974294968,0.03453278127076461,-0.013860012362908552,0.25841555076428335,0.2536089721074907,0.4393345067559522,0.5384921945116292,0.4154502958572748,0.542736874900409
2024-06-20,-0.021773060153152154,-0.036061599792051584,-0.01795752755405604,0.27027096590460176,0.2565257058818529,0.45366131297857626,0.5412797268276858,0.4031123346773256,0.5423343709879994
2024-06-21,-0.010483947512746651,-0.03265723267424464,0.007899541874615243,0.2737419976191338,0.2566963520125386,0.47053131343909266,0.5452006912680017,0.3998444788154199,0.5404695572739286
2024-06-24,0.003103484209514111,-0.06920742862490477,-0.0023523630202561424,0.2732189570488345,0.2558419022316279,0.5187595332032873,0.5594976907471813,0.3966369445979207,0.5392249188378558
2024-06-25,0.0044926526617902396,0.06540634707653066,0.025790092102761508,0.27123484066687564,0.25568404036571063,0.5434611369924499,0.5675863229291437,0.39648023854247416,0.5393085487903282
2024-06-26,0.019758206941631787,0.002456516945129185,0.047022109522442616,0.2722727942045202,0.2574604072084726,0.5438384499934732,0.5663001711052179,0.4135620860333851,0.5355267952486058
2024-06-27,0.004008777505187333,-0.019258256300241763,0.005332804227602987,0.2722313115801529,0.2569202154153065,0.5509533247559787,0.5677859751479457,0.40501292628891833,0.5355931416176589
2024-06-28,-0.016419483387056406,-0.003637396404230454,0.0023273473697660637,0.2777381620930388,0.2585394758344531,0.5471211793088201,0.5615840983342736,0.39872575972478946,0.5329788394722286
2024-07-01,0.028722293223530707,0.006135483847007116,0.058779855370257116,0.28701012665635867,0.2624467532944193,0.546062760236044,0.5583918550278894,0.4288817567743252,0.541859345457991
2024-07-02,0.016095535060185767,-0.013205522642196191,0.09710197697105068,0.2886660668152777,0.2630658184207407,0.543190513687315,0.5024647706216757,0.5032840124321248,0.5649626388609348
2024-07-03,0.00579341537829172,0.044735384136482544,0.06337302771939497,0.2886554853346559,0.2623377798050399,0.5511610099623655,0.5068454364803723,0.5222822267045595,0.5719892634736987
2024-07-05,0.021375546677523612,-0.019291177355666992,0.020606862820631275,0.29253543883987654,0.26377707104299464,0.5576492290331461,0.508521629682799,0.49849533258717715,0.5696967003580394
2024-07-08,0.006523643523385616,0.018667103694722905,0.0056297972109885675,0.2899344535488793,0.26369865245478424,0.5567033773289912,0.5087278589067802,0.47989572388068646,0.5697172427814027
2024-07-09,0.003752846630638004,0.02443563982331167,0.0364509467364302,0.27843458364825846,0.2632536558877882,0.5060410258675839,0.5087132244654909,0.46346918619317823,0.5723416889401732
2024-07-10,0.018642350809279774,0.026525956952347128,0.003538883809001115,0.27918071870180133,0.2643965054379341,0.5064160060922767,0.5094548118010117,0.4613520294072259,0.5723084280229722
2024-07-11,-0.023501661515270087,-0.057223848160272955,-0.08822072992596335,0.2921726360861413,0.26764998006614266,0.5078724416745842,0.517120851323514,0.5419508902976183,0.5922872120425249
2024-07-12,0.012978910275316011,0.014267579178860663,0.0294343286609011,0.292537755509051,0.26384689192344135,0.5086441357630097,0.5147970059997259,0.5431246986083171,0.5798099079051152
2024-07-15,0.016603108056872037,-0.006134274001334538,0.01760981477513248,0.2939973341795679,0.2592072375416883,0.49363596049264974,0.5150667901427993,0.5433451033323338,0.5756619445326111
2024-07-16,0.001804046707231178,-0.016333303817108315,0.015397004877567575,0.2943103542791781,0.2587247349990816,0.4961708910609452,0.5142089508199593,0.5414393913992867,0.5741298584765284
2024-07-17,-0.025645774627079298,-0.06856318221352585,-0.031919709848216064,0.30867906709956383,0.26324540580909156,0.5223721579812711,0.5238254307069922,0.5528112911622431,0.5771309790089268
2024-07-18,-0.02073120200083255,0.025945048907742567,0.0029333193636387144,0.3177905749440966,0.2660543255295182,0.5264227260295552,0.515353590500912,0.55016261894168,0.5758908302577894
2024-07-19,0.0005842040386354387,-0.02645391161060656,-0.04107614282384559,0.317878859237192,0.2656750916358314,0.511157800646065,0.5162760989591814,0.5705441624698366,0.5805256473298306
2024-07-22,-0.0015736351964850805,0.04649302326023697,0.050182728104264024,0.31651604341665257,0.2657813386719661,0.5283264851546686,0.5094624577308648,0.5818912293434109,0.5857397243536723
2024-07-23,0.004668710222032994,-0.007722673832222463,-0.020607690646912584,0.31569457814012986,0.2645710747153123,0.5288750648010507,0.5092096002907814,0.5880030613233003,0.5810282457693743
2024-07-24,-0.029174605184030783,-0.07048621007559865,-0.13164294921766592,0.3233365712288316,0.26966059157566963,0.5668150836249525,0.520538833426769,0.7141287381049272,0.619282568761527
2024-07-25,-0.004807257108448362,-0.017400960193745423,0.019531154500126734,0.2564429786298569,0.2698265944417642,0.5683790925115734,0.5216045884020685,0.7108193945225635,0.6198641515807304
2024-07-26,0.0021753728696227753,0.006925973343894954,-0.0020452228467678847,0.24382958367820876,0.2697518940385249,0.558098124106272,0.521602013649305,0.7057938664239899,0.612269110923574
2024-07-29,0.0012937210139691642,-0.013093039410651743,0.05445027131087037,0.24341986046705566,0.26911954815130706,0.5469130895191627,0.5220970430852857,0.7164613300649247,0.61767108406322
2024-07-30,0.002536375267379712,-0.07297759239122091,-0.0417020312153116,0.24201961611856188,0.26832428561080596,0.5766905250836506,0.5369147340853143,0.7248360630533771,0.6211313767930866
2024-07-31,0.014903132973071907,0.12051181309242884,0.04157276822958756,0.23932038134384284,0.2585796793415376,0.6865685645172507,0.5724475742614501,0.7200861285795378,0.6236805622666975
2024-08-01,-0.01693171826993282,-0.06910279582247797,-0.06778706625063127,0.24244810008618314,0.26066067333054666,0.7018784508452613,0.5829093499965268,0.7500763068846471,0.6344695346089716
2024-08-02,0.006852964614234812,-0.017931897440746025,-0.04330170268914835,0.23349734437188382,0.2600848970256577,0.6973548299835806,0.5837372187149368,0.7604365294992077,0.6389569589086229
2024-08-05,-0.04937244852862497,-0.06562099450804675,-0.043248653592486655,0.27455043915228666,0.27393937881713465,0.7143919108919682,0.5926855186951823,0.7727851433356078,0.6417877822361664
2024-08-06,-0.00977505968800403,0.037146290112991226,0.008810629682154906,0.2759348123526996,0.2728417864789838,0.701206228941253,0.5940774250778247,0.7728191664022385,0.6416547231031486
2024-08-07,0.012420118579798993,-0.052602238095294476,-0.04526766731842688,0.2780412594305511,0.27254332609918847,0.6826387505365572,0.6009627482221982,0.7821102840487694,0.6451359673546778
2024-08-08,0.01648127236497606,0.059487605260778086,0.03625589110034289,0.27618590790582165,0.2729624525991608,0.7097699810198463,0.6088734224202835,0.7771852942417022,0.647786418487456
2024-08-09,0.013654171076521266,-0.0020988368704490798,0.005816885321564832,0.27880198444557686,0.2731048704555273,0.7087666674949101,0.6085813084468998,0.777213168623613,0.6418905830294479
2024-08-12,0.007104908106335417,0.03987799068942413,-0.012629416400141601,0.27482879626266554,0.2731813661896352,0.7209409051905601,0.6117783066774186,0.7781047254190315,0.6421949778822235
2024-08-13,0.017066983057090087,0.06329313736114979,0.05103248768308669,0.2666080082927595,0.27390334364617963,0.7466158426246573,0.6169127817717839,0.7733226637708926,0.6470447323600905
2024-08-14,0.00199954622404053,0.016573077091033304,-0.031526767343513,0.2626477188238204,0.2738978227694106,0.7478112265569594,0.6163181429634825,0.7205658796931141,0.646176642350216
2024-08-15,0.01343815316054219,0.03969961618131506,0.06143633624265515,0.264972342462255,0.2739513253191772,0.7452571293899063,0.6188981027630193,0.7189982205747782,0.6492881972727969
2024-08-16,0.005895242833841663,0.013908205110764349,0.009203802245741216,0.25808938662145015,0.2739055614536247,0.7445579879130207,0.617729875118452,0.7162682206833836,0.6485198230901357
2024-08-19,-0.0006681663537298697,0.04252615471932773,0.03008156817018978,0.257349294044493,0.2729036401272427,0.7530117980458165,0.6205395403867671,0.7229132297331037,0.6479478508847389
2024-08-20,0.0027144304129345887,-0.021312154546363052,-0.007300289282654204,0.2572267147286601,0.2648038011517547,0.7520282534144451,0.6190209114534116,0.7125598994101049,0.6477619856387592
2024-08-21,-0.0004889432256537674,0.009779072649870688,0.00976671354694504,0.2508963331992671,0.2646851533854267,0.7482464348045005,0.6168712691401617,0.7134895535004336,0.6466774476021867
2024-08-22,-0.00830398985761009,-0.03776128816897412,-0.058136342001949864,0.24274226126996595,0.26199565176846756,0.7377310245721143,0.6189409477367467,0.6880520050850482,0.6468269993397016
2024-08-23,0.010258330001726311,0.044434186920841987,0.04483557557194891,0.24156351264601475,0.25953392994568003,0.7482519691780802,0.6223013579632859,0.6960517961966853,0.6485156520924074
2024-08-26,0.0015075602553726811,-0.022682029800294056,-0.03280343947343112,0.2361777379412369,0.258826724600313,0.7509693441818883,0.6195849713408933,0.6977997321933167,0.6509657208753737
2024-08-27,0.0037148459490776,0.014450891543412737,-0.018939063311356526,0.23643992285599655,0.25836814122104124,0.7506357803719887,0.6197868343442622,0.6958911610353089,0.6486285687979598
2024-08-28,-0.006776684111327976,-0.021197752077126045,-0.016676692638377802,0.22537261646769607,0.2575804654792907,0.7248733438937855,0.592869698567662,0.69250409073439,0.6483703068909883
2024-08-29,0.01447190490028127,-0.0660050307892484,0.002572629625579096,0.22070221570745097,0.2582175865621539,0.7472187454416437,0.6014334229099354,0.6924631216439698,0.6451243257430823
2024-08-30,-0.003422557092598379,0.01503025846204325,0.037255432468327625,0.2210513264240287,0.25844558052453953,0.7445968728548319,0.5993529654011257,0.6954927503030235,0.6470759706831967
2024-09-03,-0.027584575439013506,-0.10014080268573136,-0.016529301951210697,0.23577037476801896,0.263154728732842,0.7858662431740697,0.6211167680006343,0.6772219264828582,0.6208426943466507
2024-09-04,-0.008667492376050414,-0.016720766936864303,0.040981525953983355,0.2365745367537546,0.2638647791017551,0.7866209224430475,0.6194830351314835,0.6890344860779001,0.6194138414108726
2024-09-05,0.0069037836090782905,0.009375654652455875,0.047876040681744086,0.22130029289473424,0.2637190258198343,0.762334967492727,0.6120133535840037,0.5889122332664928,0.6235036079953215
2024-09-06,-0.007040523279748752,-0.041634972651577236,-0.08824047312648117,0.22187012572481138,0.2617194670317166,0.7697553561499013,0.6163939404971912,0.6416926013656976,0.5968557400678175
2024-09-09,0.00041016293157918493,0.03470545714339264,0.0259499338754755,0.2218164126289189,0.2592845971596217,0.7770220891488744,0.618134301453436,0.6465866047458643,0.5901386057586083
2024-09-10,-0.00365180485253602,0.015200553784671762,0.04475930180712323,0.22212291819952107,0.2590796101177857,0.7778395785955764,0.6143851589284192,0.6400012380397708,0.5934879463088557
2024-09-11,0.01154873252070001,0.07838255417339593,0.008628713013063425,0.22442759967188586,0.2575273336935989,0.7799325805622134,0.6252937767002869,0.6286156381608824,0.5935604769136164
2024-09-12,0.0004971414469776862,0.01898683923496333,0.007337238664031241,0.22030780135692823,0.239953206017424,0.6994810071088278,0.6237128808064302,0.6170514955427329,0.5935769524468293
2024-09-13,-0.0012206977576566561,-0.0003359086360103552,0.002086503691110136,0.21435265907509954,0.23925443157536966,0.6676010779634227,0.6211106631452423,0.5829602078568633,0.5928904317369413
2024-09-16,-0.028169584435137625,-0.01967832794959914,-0.015358999716231014,0.22909443961571244,0.24460020820216533,0.6680934925932854,0.6213413295970437,0.569561435721321,0.5896518009684698
2024-09-17,0.002184574063620253,-0.010245903055255244,0.0047949063603207175,0.17613408373670122,0.24460058580947552,0.6373581506175009,0.621685131905605,0.5524742891925677,0.5886652155205782
2024-09-18,0.01780872135155756,-0.019399419975532645,-0.0029446040570182087,0.17929071654652326,0.24567697365614935,0.6333874239846768,0.6217591306074353,0.552734346462291,0.5878924067363381
2024-09-19,0.03640999544866804,0.03893899098039233,0.07100961583300301,0.2031431390250206,0.25183820882786756,0.6192210642793042,0.6244973422608466,0.5650086222007742,0.5973516790380692
2024-09-20,-0.0029509590002222337,-0.01599760367179469,-0.023519760145687744,0.199661033581627,0.25071693370175124,0.6007738062063097,0.6252871152209197,0.5656109507195797,0.5985044233962827
2024-09-23,-0.00761571092844607,0.0022396425935048815,0.048140375327935025,0.19865352274589312,0.2511712462527689,0.600564576884428,0.6251483731578992,0.5786256855370056,0.6012207263012724
2024-09-24,0.003992198346891589,0.03889965239225723,0.01693577670620229,0.19810522889992405,0.2506209051426484,0.6000557636439035,0.6257257813901845,0.5760546633267741,0.600227120970591
2024-09-25,-0.0044367613487897644,0.021613612540435416,0.010757208310546294,0.1931399151276705,0.2508441597007408,0.5755924396852723,0.6264473777118562,0.5618186945203634,0.6003261195869983
2024-09-26,0.005100580991248745,0.004283354025384612,-0.01095386901247214,0.1935217974888067,0.2508795263815411,0.5739985834120901,0.6252260119573806,0.5526224085119741,0.600591305430549
2024-09-27,0.0011495778778491594,-0.02152023056476001,0.024249264673034208,0.18982438373699026,0.250786716204895,0.5660986491056643,0.6255347518766071,0.5313397250636583,0.6007354421757642
2024-09-30,0.022631924066146173,0.00032954358512109737,0.004481993367446811,0.19992366434897577,0.2530377843203866,0.5644828413279562,0.6255166874086046,0.5313092768903358,0.5920820763767497
2024-10-01,-0.029593795077736757,-0.03725888262392958,-0.013894190610013485,0.21872679738984704,0.25806497428065284,0.5585415270724904,0.6289705135483185,0.5295393924024541,0.5891415407424889
2024-10-02,0.002533165810297618,0.015693582468727655,-0.035503886772723904,0.21870821132613041,0.2550797775306752,0.5585887223556869,0.6120365066282768,0.5413647198154169,0.5890452488717015
2024-10-03,-0.004894336800139295,0.033112867152096645,-0.03414806551425008,0.21917299039266017,0.2541986704495102,0.566994624288554,0.6130336571297261,0.5521290584264019,0.5906530147318697
2024-10-04,0.004983103388453721,0.01671483058488377,0.038395717663150135,0.21823590769069337,0.2542296814912377,0.5586388686741143,0.6033900020745837,0.5304658239781492,0.5928182796407522
2024-10-07,-0.022803753192161266,0.022173857494322075,-0.03768957628092393,0.2260700007973329,0.25759048702893805,0.5469671188954613,0.6043147173571887,0.5315049646023409,0.5967774576168199
2024-10-08,0.018266580691810808,0.03961826280704707,0.01512401852268412,0.23265665519853948,0.2590147316577743,0.5546849132886441,0.6039349139204513,0.5215340987911364,0.5968031768766923
2024-10-09,0.016536610637218344,-0.0018083187567837712,-0.01421092806329535,0.23745329809161647,0.26012866215946123,0.553425584112905,0.6037405375240416,0.5198598508481284,0.5974104417641025
2024-10-10,-0.0021510577007300734,0.016158340786589932,-0.009503635365763584,0.23664601236078842,0.2599274758407493,0.5509246571625875,0.5992764288222435,0.5177053434452673,0.5973730566481736
2024-10-11,-0.006525308634922627,-7.420874924552385e-05,-0.09192353498700753,0.2335813527643169,0.2603055696790213,0.5115664490520121,0.5990106623514372,0.5890243541303539,0.6180122777641224
2024-10-14,0.016321162539116574,0.023977392403349403,0.006224846171354841,0.23826890388740096,0.2612537691183046,0.5138108127032135,0.5945645133382965,0.579589010681205,0.6180414540330651
2024-10-15,0.010949883269586302,-0.04801159470615401,0.001869031611030553,0.22483152136443182,0.26124434759929266,0.437843552176507,0.5998913988999002,0.5772634503778398,0.6175773141166386
2024-10-16,-0.00886319816690321,0.030838459010915305,0.007983712172708319,0.22491001361882193,0.26129501637151553,0.43753721517265814,0.6019637831705575,0.5653978786429389,0.6175920030592299
2024-10-17,0.0015621613070532737,0.00887916308672083,-0.0019899604052187403,0.22434968565408964,0.25883309418200323,0.43752775146615797,0.6020108007447263,0.5471041120244088,0.6163648055679861
2024-10-18,0.01223889442076503,0.00778667107935699,-0.000860526786044482,0.22498022214341462,0.23252152341040197,0.41131307747939044,0.6019348502138985,0.48118600563977937,0.6153874576444388
2024-10-21,0.006276573198393704,0.04055809598336044,-0.008417749625786385,0.22524531838103834,0.22823966886194688,0.41472730959251786,0.6029014073128532,0.4763216676941605,0.6127593100414784
2024-10-22,-0.0026424598762619543,-0.0008356546447297474,-0.004029124996483115,0.22503360637182157,0.22820809528755862,0.4155839493573202,0.6003158755914487,0.45744977049248725,0.6112059285151163
2024-10-23,-0.021874591382903805,-0.02847745872190923,-0.02001827655038726,0.23378188341810824,0.23091183445386662,0.37502531907119624,0.60170650755791,0.459613920399617,0.6106716492786357
2024-10-24,-0.0007854774360911198,0.00607426743499791,0.19818692072414162,0.23384446316302238,0.22877979216381156,0.372973076255995,0.6016402007677231,0.7408035067885982,0.6886441239339735
2024-10-25,0.0036167980686526323,0.008018492492846554,0.03289136716390039,0.23383909867304983,0.2279630718458237,0.3726278422569899,0.599057983519775,0.745414248437509,0.68971967625727
2024-10-28,0.008575564702396104,-0.007235100365042542,-0.025128273433907493,0.21725004260446515,0.22506703798762834,0.36695011435021585,0.5960135970681412,0.7482881145093008,0.6904751852188001
2024-10-29,0.0011637179943986445,0.005183382216323086,-0.011455405617120409,0.21728442890919025,0.22419660598686889,0.3636628639764949,0.5933567356868461,0.7497842929374732,0.6909327181052474
2024-10-30,-0.015409963105220517,-0.01361923435920164,-0.007619894915453808,0.21827362883790283,0.2259164021979305,0.360432038881658,0.5818543357876548,0.7503010136435575,0.6911234709337297
2024-10-31,-0.018365340477939075,-0.048391794250782084,-0.03035313822138033,0.19877273802577985,0.22817887268799084,0.38119598133105115,0.5777964845571778,0.7290594027302102,0.6924544521916141
2024-11-01,-0.013366424612808982,0.019697719611152114,-0.0034881658365741998,0.20218181984733477,0.22714632435725615,0.37898527004453236,0.5786752150359142,0.725555947387555,0.6885504423614484
2024-11-04,-0.004072219554420975,0.004790869675741786,-0.02496978169140659,0.2014002378826075,0.2271959145211478,0.3788869118396581,0.5777175292909933,0.7155617576037462,0.690079907909142
2024-11-05,0.0064625690971345144,0.027987036539668917,0.034801602227078884,0.20202271289540139,0.2256159033819259,0.3717145929268259,0.5794149251146617,0.7212967763520032,0.6922196060433189
2024-11-06,-0.003248660529836171,0.039946450468238325,0.1375946741878407,0.20185492034936678,0.2206483395370848,0.3825283855151364,0.5829515341411629,0.8245854089958259,0.7222241864662488
2024-11-07,0.021151323989446264,0.02221634223710827,0.02862999589955675,0.21091034298877165,0.2218311812681874,0.3855572762970599,0.583390059441599,0.8263869566216392,0.7060138081150532
2024-11-08,-0.001195404476799559,-0.008434313350846642,0.07869718405804184,0.21090821079056507,0.2216556524886464,0.3792294097923369,0.5791701349461218,0.8519787873201424,0.7101912102405138
2024-11-11,-0.012122981291459708,-0.0161894310875745,0.08580690784870816,0.20225685357339537,0.21971334449754104,0.3845574117973853,0.5788771074034649,0.8819748447784365,0.7230456319195878
2024-11-12,0.0,0.020651611434458317,-0.06342675842244742,0.1835290018862469,0.219429254107331,0.3640710358454062,0.5790523109099148,0.9048755382336167,0.7316978384205469
2024-11-13,0.003982910100682507,-0.013720245111934556,0.005313266792131249,0.18376840442470774,0.21944118201630453,0.36855280102857113,0.5783145789812517,0.8954882511709196,0.7295074561418208
2024-11-14,0.013662384268283633,0.003345512286382805,-0.059448139966326516,0.18748854067349033,0.21838941924924293,0.360171659900297,0.5767382468638348,0.9090809560079057,0.7368445323132267
2024-11-15,-0.014198481493417724,-0.03312387084038625,0.030196945447434963,0.19162032662383208,0.21612240001112165,0.3758252414685043,0.5712405340514455,0.9070515172141399,0.7223555837330246
2024-11-18,0.01331695816411868,-0.012977524968205147,0.05466438312872355,0.18304715458240509,0.2161810602578659,0.3750783920253565,0.5712956296202489,0.9058609537674776,0.7261762400005517
2024-11-19,0.0011458288680387895,0.04780398756390889,0.021205923594749047,0.17556633700157384,0.21433950799272036,0.38267823424552283,0.57652035832526,0.9062513065917412,0.7263996235485634
2024-11-20,0.0031662295580495133,-0.007650310536462644,-0.01154032254398627,0.1690462906368252,0.214388922711998,0.3837379047541,0.5759426155921766,0.9056238579676006,0.7265483045419554
2024-11-21,-0.0021097054238495955,0.0053340754250328914,-0.00701221938257535,0.16904184767424368,0.21006981995020158,0.38183252496745484,0.5635953531358929,0.9051465131407183,0.7243318529878175
2024-11-22,0.005878499051699823,-0.03272162162944359,0.03733458740256899,0.1687287660648019,0.20733259938421653,0.39545750672338276,0.5652084670859711,0.8524958378903615,0.7265434766794028
2024-11-25,0.012950509101207746,-0.04268831099840242,-0.040430884643526475,0.16622468470612325,0.20840982832947122,0.40979910501624434,0.5681487508235451,0.8677582998579528,0.7264312858817908
2024-11-26,0.009368756480784108,0.0065972970555802455,-0.0010637984514345806,0.16540236203220585,0.2089140617568174,0.38456793040002535,0.5631199374529037,0.868170781870646,0.722227797581179
2024-11-27,-0.000556233033189027,-0.01161094760790616,-0.015914032359738598,0.16318047380427983,0.2088061975663018,0.37583639680073877,0.5633308173283997,0.8724582398240636,0.7218306159963773
2024-11-29,0.01017701304253283,0.021281288718300546,0.03619597256107492,0.1655670346829811,0.20327848420782144,0.3801039255146573,0.5511078985629388,0.8735458135368267,0.6867429666959862
2024-12-02,0.009487137124182336,0.0027458648656658678,0.03397977320779128,0.16409662669651037,0.20354090963615776,0.37952378680501264,0.5501175684463554,0.8739272564621415,0.6880205862368305
2024-12-03,0.012676872154371509,0.011693522533804955,-0.016005761518152094,0.16701554508996508,0.20445442698869531,0.3616175442119696,0.550287839081391,0.8760466786517066,0.6888426525066027
2024-12-04,0.0014906217823632913,0.03421294079455357,0.018355347226072672,0.1666842033229491,0.20445490121130191,0.3755933704009994,0.5522076313585025,0.874046859141958,0.6841696744520145
2024-12-05,0.00012411824347251317,-0.00048257558414710206,0.03178623986675331,0.15195703029782065,0.20445074896813334,0.36554643826047695,0.53711214374921,0.8680974979804372,0.6810668131544062
2024-12-06,-0.0008277460947743642,-0.018231664965571274,0.052021060030447104,0.1519632457540379,0.20315418398257118,0.36954872880232337,0.500631620423634,0.6899216735011765,0.6828501706248139
2024-12-09,0.015977995844228318,-0.025822112594956283,0.0014633961097356308,0.15739867548562939,0.2023833061084816,0.37650075833414726,0.4882668749981677,0.6882119460127305,0.6714726635100479
2024-12-10,0.004107115953710393,-0.027320910409968157,0.028328356777005705,0.15634928944613125,0.20222528288694308,0.38398106642287905,0.48963923773078294,0.6803164008000684,0.6671090731905834
2024-12-11,-0.005167129099279849,0.03091751909204963,0.05761135662522874,0.157723744432012,0.18348958814824667,0.3948561394037405,0.47808632118073713,0.6871676249863331,0.6668136531001926
2024-12-12,0.005937873311217445,-0.014246182291075165,-0.015827207602469726,0.14937809520564774,0.18255370084468026,0.3950418560863076,0.47561435913313904,0.6900686197651307,0.6680473282950689
2024-12-13,0.0006891100619281981,-0.02276257536421088,0.04244898883098476,0.13581158277392938,0.1817145946396231,0.37447928008571607,0.46829017859065497,0.6796157306319258,0.664298745523601
2024-12-16,0.011682846492136254,-0.01690689104933391,0.05960062250406256,0.12852864654192508,0.18079858435938917,0.3730914758611839,0.45975048086630654,0.6863804334375276,0.6681350558338821
2024-12-17,0.009645736231350016,-0.012275705980870045,0.03572414499470868,0.12718627900242357,0.18017999045934918,0.3741284829027863,0.4603566275134046,0.6737280354730243,0.6695546471954368
2024-12-18,-0.021652810658563178,-0.01141899607921091,-0.08642425687261295,0.14776834767719518,0.1841601962840704,0.36452761325753963,0.456529138603562,0.7428754499168603,0.6876719940669282
2024-12-19,0.006988092178407366,0.013641304361909818,-0.009038062208218345,0.14666930408459147,0.18250823144410483,0.3452297884128581,0.4450273201987695,0.6552778100538135,0.6845915016570754
2024-12-20,0.01866306113192677,0.030307634454925146,-0.035256734269034695,0.14427788939349392,0.18478957322204564,0.351232883308096,0.44695019221661436,0.6687148039412633,0.6852330886694474
2024-12-23,0.003037537592624198,0.03624298383696849,0.022404243587853444,0.14353003848805299,0.18371046942847075,0.3690150078347111,0.44614963080965275,0.6389043411910568,0.6797367439240153
2024-12-24,0.011435857377536817,0.003931244118075537,0.07099118317697786,0.13673153782477968,0.18432482027137498,0.3668201447204494,0.44567138847686827,0.6248709334007869,0.6879216139537955
2024-12-26,0.0031492415366970255,-0.0020709115838396905,-0.017787267442065515,0.1360934820893873,0.18430894085008867,0.3609357731625466,0.4402091820465327,0.5918573403167784,0.6883224656302636
2024-12-27,-0.013325454597149509,-0.02109447574160931,-0.05074525933435054,0.145897218915174,0.1859645357262339,0.36365109563375914,0.4401783440795423,0.618089076887521,0.6948499054814173
2024-12-30,-0.013345939925277384,0.003498290864524816,-0.03356928914049653,0.1516122916692186,0.1875629463100403,0.36367153077799347,0.4399418787538138,0.5974172868182668,0.6982136125832323
2024-12-31,-0.007081587537073897,-0.023556481222280545,-0.033050192277534286,0.14575202435665832,0.18739843486179053,0.35760253556425653,0.43705349646355074,0.6066942065690771,0.6928331770885935
2025-01-02,-0.026568417226875096,0.02950456201155252,-0.0627440413189308,0.16687938044162196,0.19243620467849418,0.36718787509778505,0.43354367694590246,0.6228984725833259,0.6996526833092582
2025-01-03,-0.002022412312006587,0.0435866657125488,0.07895503640014548,0.1673116580680011,0.19249092327685466,0.3625471847815415,0.4375672446177152,0.6584204600955702,0.7070398849598956
2025-01-06,0.006711849124540167,0.033765374941150374,0.0014851066041341062,0.16781682280614355,0.1926856821047427,0.3751783154689831,0.4403728678235316,0.6565375050468274,0.7057203547482789
2025-01-07,-0.011474453119855697,-0.06420388271126458,-0.04145066389130184,0.17207216360615635,0.19336854112555754,0.41940397484862324,0.45241830828001667,0.6699762056543125,0.7093321695250728
2025-01-08,0.002032057430946696,-0.00021415569200597406,0.0014696569223229571,0.17166750225116534,0.19198589777955358,0.4088356295911467,0.43790063266726864,0.6629522276937486,0.7093550707795861
2025-01-10,-0.024406797113381784,-0.030443751414723046,-0.0005065343032019352,0.18428194958952476,0.19639719787796217,0.3992666953271356,0.4406566474640578,0.6497816492966029,0.7076395543822156
2025-01-13,-0.010369420187109474,-0.019921866023293006,0.021478176683598593,0.18496616004996017,0.1915067628757045,0.40282680141190214,0.4074918004051921,0.6512020479272528,0.7069497255102977
2025-01-14,-0.004815763703601661,-0.01109822270477569,-0.01738260781886155,0.1854701939622959,0.19108826645855306,0.40271115297006405,0.4068554563613569,0.6516426253021677,0.7058023670958513
2025-01-15,0.01950594293193198,0.03344593620724839,0.07731419302033242,0.19188096793029033,0.19341100794656332,0.41000840632386654,0.4100059361286731,0.678637639462388,0.7123687862842253
2025-01-16,-0.04124829779039751,-0.01979822201953931,-0.03420598553977623,0.2239252658275484,0.20541536456715315,0.41365427591848203,0.4049221789292607,0.6839984544922517,0.6975190404972832
2025-01-17,0.007504149312074794,0.030533345378979105,0.030181270260479016,0.22154563252134404,0.205760973255499,0.42228571576908563,0.4040537466437125,0.6848213118418993,0.6978718183965456
2025-01-21,-0.03243575618919757,0.02240990139958411,-0.005713830986724132,0.2383653965558697,0.21290260479643303,0.4151534473889465,0.4048564491817278,0.6847395882509344,0.6953571004993245
2025-01-22,0.005314849012167126,0.043367229115129864,-0.021354990595606967,0.23941355644729503,0.21221111503922024,0.4346267630441393,0.3903619906833754,0.6844365361924305,0.6969645564137141
2025-01-23,-0.0007639591428745062,0.0010196799088872251,-0.0065982909878338734,0.23941806724888814,0.21221442143259142,0.4309990812060618,0.3893766360115775,0.6695326660284854,0.6973157306529834
2025-01-24,-0.00391883567217867,-0.031753081808970525,-0.0141645427686508,0.2327504805449267,0.21230839112756572,0.43454663002774185,0.39351761392554124,0.6711567431878497,0.6981364844227609
2025-01-27,0.031278928288695086,-0.18591898626593767,-0.02346666851377697,0.25282929327368964,0.2132563287000205,0.6913123457838026,0.5026408465871686,0.6698892151918107,0.6989805246277823
2025-01-28,0.03591605590855772,0.08544047290380889,0.00236406729488047,0.27603724000042684,0.22124707915195677,0.7323485221511641,0.522156969300266,0.6471216981462324,0.6990064505523205
2025-01-29,0.004589191895296279,-0.04180800457338794,-0.022841730383513555,0.27576465205985135,0.21951279215111524,0.7404796871917593,0.5259946378501135,0.6487261783915755,0.7005346388072746
2025-01-30,-0.007420558546871544,0.007652379362110211,0.02832792223174724,0.27628914022333223,0.21155308599823142,0.7388442508382472,0.522191599359007,0.6414943582796049,0.6929150278445128
2025-01-31,-0.006708869798190596,-0.037444086543909565,0.010734622511389938,0.27382554483934163,0.21181630420590924,0.7447054190846679,0.5253479227915094,0.6152416571565807,0.691221168435386
2025-02-03,-0.034457026422476465,-0.028818489869207924,-0.053090052894495664,0.286961768084943,0.21931633607497905,0.748001959061682,0.5276030797797163,0.6186280312846149,0.6944466947984312
2025-02-04,0.020816356805387175,0.016918575707622115,0.02198853879335698,0.29003641301255595,0.22195542767244655,0.7499695520060305,0.5242906005489216,0.5767510504345812,0.6947489502663279
2025-02-05,-0.0014262563195706964,0.050787349524746624,-0.03645358066385942,0.2887642636182445,0.22183162530860012,0.7646141667981998,0.529970161993423,0.5843208295862302,0.6980891084781427
2025-02-06,0.0031954427397410945,0.030305349495328843,-0.010232783410686183,0.28237184401580917,0.22173796847242813,0.7646133402108736,0.5323326318170307,0.577430754743806,0.698045562698605
2025-02-07,-0.024262655455538268,0.00897699883933354,-0.03451710983495311,0.28839640394347266,0.22550332931936148,0.7569555794022099,0.5312204310003289,0.5784454482839185,0.7002129237338164
2025-02-10,0.0011919215625879854,0.028331367425882884,-0.0305772400361705,0.28519802377322945,0.2222421279626232,0.7620247943543336,0.5332208072046827,0.5344804287114809,0.7025480710826827
2025-02-11,0.021603825354818227,-0.005783184844098877,-0.06547985876217206,0.29418274859991306,0.21958740147736064,0.7621198306573272,0.5294040459820505,0.5584704567982499,0.7113613541702073
2025-02-12,0.01809868634135122,-0.012582596082119655,0.0240910284005764,0.29916159048341034,0.2215643951100463,0.7606396478933167,0.5293579660989902,0.5540520049539941,0.7092896832792662
2025-02-13,0.019483317003692543,0.031164526956936698,0.05613431099659786,0.3039113019692094,0.22362681024147948,0.7664112979631641,0.5290342223214608,0.5789406350214478,0.7118604937883574
2025-02-14,0.01264427407419709,0.02598117386042692,-0.00028098569967676025,0.30607909171578684,0.22440073778434194,0.7669304147296061,0.5300362985694087,0.5730569528895608,0.7095609546821198
2025-02-18,-0.0005339357350382191,0.003954421517174853,-0.004873592293066076,0.2961329578094683,0.2208156336047518,0.7622722266898814,0.5288680109323624,0.545585207242551,0.7062292509403608
2025-02-19,0.0016419690894001495,-0.0012206068648836443,0.018050779053296055,0.29609295269029523,0.21890260420874674,0.7511228886218054,0.5248178447851015,0.4927747767269237,0.7063734211818486
2025-02-20,0.0038889051611166745,0.006302391411646177,-0.017232159651467047,0.29566975350685626,0.21736656596598825,0.7441889983827438,0.5248914914187789,0.4938438541014185,0.7066158403563852
2025-02-21,-0.0011446326161840994,-0.04139627709198262,-0.047972214357226095,0.29364990154515475,0.21733458036640046,0.7304716324270824,0.528883920632229,0.4983741516217936,0.7116549029285729
2025-02-24,0.006319973738273895,-0.03136711830474245,-0.02175657764320232,0.2941077921432876,0.21717195545268625,0.7355991160851909,0.5314770246846183,0.5002319506279653,0.6943922628388668
2025-02-25,-0.00024390244023348185,-0.028346392544154473,-0.08762490516720363,0.2844070111052516,0.21561339423228637,0.7349297415530557,0.5318993305474408,0.5529614908396705,0.7113348476644268
2025-02-26,-0.027408008754365037,0.03599519838282515,-0.04043677590392947,0.2946581198839909,0.21998766033261782,0.7411580099994823,0.5294271884402636,0.5525808186543414,0.7151373344475804
2025-02-27,-0.012826349646446822,-0.08853646497777135,-0.030905995406173285,0.2969082069704886,0.22055581753218306,0.7835572187407657,0.5471099871474134,0.5553420679494069,0.7173460978047902
2025-02-28,0.018949965457757945,0.038942106759864197,0.038374597048432775,0.29660489519405187,0.22274893006658464,0.7859414282217294,0.5510007452257862,0.5110153272661264,0.7197761937951391
2025-03-03,-0.015865043198010933,-0.09097177820572663,-0.028843991904533108,0.2737350427180401,0.2235106767360973,0.8253305693166081,0.5709522205720013,0.5092833403493794,0.7217368293141425
2025-03-04,-0.008857679069457357,0.01678373238418759,-0.04531124108965283,0.2746881154014183,0.22377379782101178,0.8210998326287595,0.5672951230930471,0.5012785954920999,0.7259921370667157
2025-03-05,-0.0008091476710022717,0.01123366441951833,0.025621026234838508,0.2560056038875107,0.22373355683622,0.8184071438049577,0.5677474648066012,0.5143723342737987,0.7269413623836218
2025-03-06,-0.0017482894673302894,-0.059101522067856134,-0.05770654388698187,0.2560156477521343,0.22067081285732384,0.8184792949314389,0.5740315584985166,0.5294910603396571,0.7329935427059757
2025-03-07,0.01575169122061472,0.01899698706145096,-0.0029651051907172263,0.25908662757152173,0.22218251499520905,0.8221389754378381,0.5749900847295523,0.5301056652376105,0.653811204745121
2025-03-10,-0.049695922309887446,-0.0520129979381532,-0.16754566208266003,0.29940364629070715,0.23740289909538012,0.8290981442617412,0.5806443721910097,0.6901510065233241,0.7090352905231906
2025-03-11,-0.029618850845609123,0.01650630948124357,0.03724504442289003,0.2974300992442485,0.24197949284311474,0.6412925146249197,0.5815251233841096,0.7097661784487501,0.7109868780729435
2025-03-12,-0.017618367267769244,0.06230573509827623,0.0731937097525324,0.27913261275790285,0.24362932662881426,0.6166510078470056,0.5915277306684522,0.7557311131033134,0.721640598263501
2025-03-13,-0.03423040819982189,-0.0013836045098998494,-0.03032333320518898,0.2922290822103461,0.2488056266953071,0.6059274664237378,0.5912138249166854,0.756650598209823,0.723272929830771
2025-03-14,0.01799113392668976,0.05135819363149724,0.03791266430992461,0.2991282671464664,0.24906166272403896,0.6250789180718039,0.5926472882779787,0.7620222005559417,0.7243820164487252
2025-03-17,0.0023964487657168847,-0.017748019350742054,-0.049068225066559674,0.29945113676474594,0.2481697457335573,0.6176085083993768,0.5922625673386198,0.7637097483864771,0.7290049842523566
2025-03-18,-0.006119970141784445,-0.03490904444647626,-0.05483545787822169,0.28466710016296215,0.24827849308241945,0.6203117606791311,0.5948108966377165,0.7644292693213698,0.7335421861193433
2025-03-19,0.011922784871093856,0.017947328151900248,0.045761176944529594,0.27951692169586706,0.24887645376555032,0.6205677438265192,0.593622227824277,0.77814844992803,0.7352768324495095
2025-03-20,-0.005333595501481334,0.00855901161614365,0.0016944848585497799,0.27960645244932775,0.2489686689897968,0.6021449951177481,0.5896622097982007,0.7776953140113702,0.6970696420328628
2025-03-21,0.019280952238219205,-0.007028268907175107,0.05135466556787515,0.28636256486092565,0.24852922257571058,0.594562804768802,0.5882505052492145,0.8015623008882007,0.7009437602059362
2025-03-24,0.011210623254797235,0.031039426616530072,0.11273544918666345,0.28098858934540527,0.24928760579139747,0.6018087858227523,0.5908463781587543,0.8781698281851067,0.7142233477684959
2025-03-25,0.01360319247892428,-0.005948955824202809,0.034423464858414285,0.2841108912902129,0.24954884298893268,0.5948409748049056,0.59040673276093,0.8842966188740595,0.7014819428523197
2025-03-26,-0.009969632592547198,-0.059144405206855905,-0.05742384292804286,0.27734895767252854,0.2501045376352034,0.6164307774695975,0.5967808226962716,0.87992916825185,0.7000679555158652
2025-03-27,0.010418405206999106,-0.020698051807428456,0.003925242113161853,0.2734681976693372,0.2506348943195589,0.617727959984804,0.5972516398287476,0.8758115578577381,0.7000302219394846
2025-03-28,-0.026966597787135897,-0.01592361520732788,-0.03570476901722984,0.27506273235118006,0.25354438121940576,0.6084980632304208,0.5975403265949776,0.8586015067507,0.6956373032729293
2025-03-31,0.019264724336270224,-0.01183445764700291,-0.01679747171945937,0.27906529332024,0.25460697082932415,0.6005083065832646,0.5955838482277284,0.8583083695433816,0.6939506983375505
2025-04-01,0.00473624557523279,0.016202468959958315,0.03525629547773344,0.27992142479564125,0.253727096183996,0.6037128937968147,0.5962007096434528,0.8684423007804074,0.6901840529578913
2025-04-02,0.0031450805454729678,0.0024486476661425183,0.051896554243263324,0.2801734905153281,0.253779744668122,0.6041563430337539,0.5901272162475264,0.8830977548479604,0.6950726496888155
2025-04-03,-0.09701178821201309,-0.08129651268230832,-0.05630168325425225,0.3898225945805247,0.3009855480626966,0.6388336747726936,0.6044019494768796,0.8938025678957392,0.7007801226425796
2025-04-04,-0.07570238026793691,-0.07643848168310063,-0.11003569949247373,0.4380777747286997,0.32571046669890513,0.661174366861396,0.6162011329678648,0.9342584872305815,0.7233975300336672
2025-04-07,-0.03742663143554979,0.03470725098141551,-0.025978783713479968,0.44324490104683023,0.3307162611969197,0.6718401575335646,0.6179101260854226,0.9347423494235797,0.7209364070177755
2025-04-08,-0.05109813350299791,-0.013821777544130266,-0.05023576253203375,0.4575024307554906,0.33943140718017195,0.6696354851953483,0.6146928211376672,0.9143818785676282,0.7225016406089103
2025-04-09,0.14264249508576943,0.17165344312281577,0.20449053790685212,0.6376837864347087,0.4177663940933946,0.8422454695571673,0.6810877077546367,1.1009133966552926,0.8028357348415304
2025-04-10,-0.04335267855466026,-0.06095820032394803,-0.07552195955030755,0.6464675273440179,0.4234907517206498,0.8219111544094597,0.6880292872577769,1.1184753645572663,0.8118196725130593
2025-04-11,0.039810881692930955,0.030763205902911088,-0.0003566404507695577,0.6565866811500353,0.42883651696965164,0.8185601720639173,0.6891412391027338,1.1114284109663723,0.8091126351206771
2025-04-14,0.021809201707552076,-0.001985560219117655,0.0001585225699826941,0.661051874887672,0.43026378991812847,0.7758780540186124,0.6890858196786881,1.109193857493728,0.806654345118496
2025-04-15,-0.0018863247092428626,0.013371222682658241,0.006950231350284759,0.6610424984746861,0.4295605600963851,0.7752615114782974,0.6891893542345899,1.1026084254440887,0.8065900534396319
2025-04-16,-0.039681914591180686,-0.0712047752307743,-0.050690753136140534,0.6683826711920298,0.4341092591358322,0.8002750646747988,0.6958408501382936,1.1080020994050188,0.8095372761119104
2025-04-17,0.013862014759413087,-0.02913676055842505,-0.0007454651219074831,0.6708633802796654,0.4349499815979657,0.7868993822387604,0.6971223558856889,1.0966151347802513,0.8072503265713956
2025-04-21,-0.019617053326576865,-0.04618687389407878,-0.05918078748750315,0.6687592328003823,0.43590248281726446,0.7938186266559988,0.700304102607622,1.108673406249619,0.8065600605307497
2025-04-22,0.03349069357456727,0.02022954151212889,0.04499437691527957,0.6661804292931641,0.4389821344350071,0.7842160834084746,0.7005324075636451,1.003708804999625,0.8109726069897261
2025-04-23,0.02404606890805641,0.03790888530116206,0.05227193038159435,0.6666381980337663,0.441073742281915,0.791174042358868,0.7028220020001296,1.0091858595425587,0.814779900344703
2025-04-24,0.01828933707558185,0.035584816243436554,0.03437869182105744,0.6677060015419237,0.4423586630935932,0.775973636971333,0.7035036103121506,0.9917769123801204,0.8106242176577635
2025-04-25,0.004328594677060679,0.042140549710247985,0.09351848877207214,0.660519316961337,0.4422865889528688,0.7868391530270569,0.7072663064494145,1.0217423247679254,0.8271514580110806
2025-04-28,0.004118779769050869,-0.020756320947979124,0.003258416070769636,0.6584446466741314,0.44238004775983797,0.7724941093165066,0.7071104163042582,1.017153481276256,0.8234766348129601
2025-04-29,0.005053405109452885,0.002664096013234835,0.021284394365166676,0.6585921459410825,0.4419453749188046,0.7715444561346482,0.7067271917265391,1.0053422770014662,0.8174799373236821
2025-04-30,0.006115647098016036,-0.0009178522902288858,-0.03438225078914819,0.6586295482515514,0.44172349549253015,0.7656216870487353,0.7065207538203898,0.9961483578022299,0.8159774956889458
2025-05-01,0.0038210297215266636,0.02440141025869513,-0.005829262259087043,0.6577699209997276,0.440560906815301,0.7673048045951683,0.7077098046763237,0.990133056155671,0.8045218471670208
2025-05-02,-0.03805184995128717,0.025568695050585698,0.023568631840698327,0.6667199972987551,0.44448535622121427,0.7708603917616639,0.7087178136099846,0.9913775583770646,0.8059079353245587
2025-05-05,-0.03195382296007892,-0.005957613555965008,-0.02449591176733633,0.669446873612925,0.44583749996271643,0.7707957280604006,0.7067092090631619,0.9859212984187253,0.8049510928273907
2025-05-06,-0.0019207446260946389,-0.0024634888404432872,-0.017674728033581034,0.6680883386465706,0.44573317351603925,0.7647424084740062,0.7037604458985779,0.9318866573675578,0.8039480602555954
2025-05-07,-0.011449050134012182,0.030536723860081702,0.0031546339412920166,0.6664470673373672,0.44531104740209715,0.7704918127688682,0.705832562895634,0.9261317901386167,0.793749012137075
2025-05-08,0.00627505056278324,0.0026451655851634412,0.030659752141498933,0.6669241411205711,0.44546467295254055,0.7505390924159079,0.7058754217455273,0.9149551552810982,0.7958010212991631
2025-05-09,0.005275183422372653,-0.006154391594073979,0.046108187543354544,0.66613544861094,0.4453313961196305,0.7480580269078192,0.7051705912005507,0.9240386759988113,0.7966025170688199
2025-05-12,0.06122258785728747,0.05301520982236522,0.06528004859235365,0.688380448079563,0.45763939965471095,0.7606611643000204,0.7110645340598596,0.933647370795775,0.803394603405525
2025-05-13,0.01008459650856852,0.054820162482317816,0.048104913929038,0.6865366809327454,0.45799742688293615,0.773166214601813,0.7161746572627866,0.9386308159421862,0.8062741468398452
2025-05-14,-0.002783217590205526,0.04080044090486615,0.03993196465209159,0.6863016184058766,0.456077013195484,0.7792370036540506,0.7177562997112314,0.939887561730447,0.8027077219522591
2025-05-15,-0.004165686497272681,-0.0037759642095349624,-0.014076988429208612,0.6861877800965869,0.45609791661549737,0.7797522955496566,0.7139330728160281,0.9329143346636228,0.7914974543129404
2025-05-16,-0.0009016919197649118,0.0042192593774888635,0.020670481914690356,0.624110741220607,0.455886010373118,0.73397761931653,0.7115947445890953,0.9144354507022129,0.7923872222184436
2025-05-19,-0.011796588311466622,0.001254936864213025,-0.022802149656224655,0.5815936254715695,0.4559060457925774,0.6880235624606101,0.7035415093376423,0.8483335057417236,0.7903559857288238
2025-05-20,-0.009266922825028839,-0.00881781120058256,0.0050444042759707226,0.5699968806321387,0.45604156853035793,0.687159255982892,0.7036835085743981,0.8410319831938451,0.7904176734271908
2025-05-21,-0.023301929938505897,-0.019388899258418205,-0.027122704983830095,0.5518798796103751,0.4558898589123106,0.6890687208892147,0.7025921681309111,0.8285228151200636,0.7915730417757434
2025-05-22,-0.0036297680505786127,0.007785669926485463,0.019004212827437507,0.3677620566348811,0.45566792571926,0.4912439847511732,0.7019350182911566,0.6003424239406884,0.7913775273063971
2025-05-23,-0.03070316786161748,-0.011663264596843246,-0.004997217842161606,0.35631576568275064,0.4582271362914063,0.45301792132380997,0.7019608780002354,0.5481002580087877,0.7909610776240146
2025-05-27,0.024958178912109944,0.03156775713425471,0.06709720342406716,0.34462381421362903,0.4590400659327589,0.4533959984452756,0.7017141986983381,0.5715328205989154,0.7882503498589206
2025-05-28,0.0010515511346776332,-0.005106016199392702,-0.016644127542745964,0.3386106860761427,0.45420204782935286,0.45400345390777347,0.7009742499692603,0.5766391907482107,0.786754901066779
2025-05-29,-0.0023550054727310074,0.03190633853356304,0.004277752458705662,0.33863244274532617,0.4539531899515902,0.45956181485506337,0.7011467517367008,0.5768765942883152,0.7849799944886113
2025-05-30,0.004504737584208573,-0.029535088811873375,-0.03396601110402554,0.3175608549173484,0.45103079176506033,0.4111132672182819,0.7018582734246241,0.563089337171724,0.7867868632127238
2025-06-02,0.004235921914457248,0.01651595511735233,-0.010941123436829408,0.315431708727668,0.4509908343517745,0.39572940877337537,0.6985413088770116,0.5658668466688592,0.7862635090738141
2025-06-03,0.007727784036341599,0.027501284432213495,0.004599984820214473,0.30993523614715257,0.45123411369341043,0.3607440839209394,0.7001355609501098,0.5251914868415161,0.7863066102247527
2025-06-04,-0.0022230464879466486,0.004945608497788118,-0.036140673247457185,0.29507500661377706,0.4512123517672115,0.36063682214131093,0.6981817729100392,0.5358629551668795,0.7881265728601432
2025-06-05,-0.01083994503800098,-0.013695442019734539,-0.1538495657027309,0.28818213069876814,0.44817052870035173,0.3594845023810957,0.6238881208626923,0.7046707099056806,0.8272895387956638
2025-06-06,0.016265359085931023,0.012284905076648126,0.036013825751311526,0.2870863697480147,0.4447202508549227,0.3515099873163436,0.6079439846323569,0.7052941978146045,0.8298998278678432
2025-06-09,-0.012174149467796276,0.006401935404059999,0.044531308979576474,0.2885665700636546,0.44493329177603724,0.33770177870132756,0.6036587425765324,0.6645529284706744,0.8330648250980508
2025-06-10,0.006056111833081368,0.009283562294383934,0.05519228787015023,0.28893282747166926,0.4450303604527014,0.3262287510897606,0.6037113519604144,0.681784838849319,0.8370897265428895
2025-06-11,-0.01938897436883286,-0.007811994809737577,0.0010421137460002769,0.29301911862294433,0.44593616870604114,0.3294923957869422,0.600311666491629,0.679946992761709,0.8368201942813888
2025-06-12,0.0021170429803189245,0.015080726407889884,-0.022679659699347213,0.2922877412638625,0.4425577208281652,0.32856674411538633,0.598436389698296,0.6750782055228349,0.8331419552039032
2025-06-13,-0.013943691499231855,-0.02112091895375154,0.01924270292972802,0.29368655953734013,0.44142133262664673,0.33705314097192934,0.5992111573716125,0.6757835793563427,0.8329302981300222
2025-06-16,0.010008466199854342,0.018980403722518715,0.011674235636098084,0.2759136500250167,0.441867616089084,0.33460464381791166,0.5942206916447409,0.6738104692257116,0.8311977028420549
2025-06-17,-0.014101590359029043,-0.003947783636022354,-0.03960361390461585,0.2631214601816365,0.44226911088828375,0.333936503790935,0.5923034831109704,0.6808537584642818,0.8335168360165347
2025-06-18,0.004756677255006839,0.009393631720918299,0.01785761740000647,0.2635207671164162,0.4407823674306073,0.33251374218460433,0.592319261006049,0.6787924615619854,0.8323148252502345
2025-06-20,0.022252854558380136,-0.011269088110596754,0.0003415035502990741,0.26915393783747577,0.44256567958652,0.330248318923571,0.5909005398572111,0.6789158719902498,0.8308407498481607
2025-06-23,0.0024920268080053797,0.0022223774686133757,0.07910627960017642,0.26871315350753944,0.44090908747145774,0.3302975941996865,0.5907988557346681,0.7086174674928015,0.8342602626826008
2025-06-24,-0.005991330518757735,0.02554670998401999,-0.02382758016221797,0.26903530934741815,0.4397056206632362,0.3322196977764704,0.5917767303943134,0.7038307049872524,0.8343032753458509
2025-06-25,0.006289956839909946,0.042432814386503356,-0.03868630080327192,0.1990041942066878,0.4384457005225926,0.3209605683733955,0.59368214153239,0.6900674677263771,0.8313629998859737
2025-06-26,-0.0027906531291575524,0.0045911684643120555,-0.005418408248426464,0.19597117259107338,0.4377466095090359,0.28801614813144866,0.592258173297556,0.6755666484545263,0.8313962013666911
2025-06-27,0.00039914185033238653,0.01745959358013594,-0.00662141899641939,0.19606657951074805,0.4377592490117137,0.2708628013723262,0.5928651777166494,0.6645371778137568,0.8314245178630817
2025-06-30,0.020147834759022785,0.0015204310816231928,-0.018619259526030434,0.2059479802492936,0.43930642415474264,0.26978609415963933,0.5928489298454923,0.6653612617195132,0.8313096740467828
2025-07-01,0.012823802296983648,-0.030138827358455352,-0.05483528322887089,0.20981334937637833,0.43989674113392263,0.2886809727784758,0.5951283630880433,0.6783334701371276,0.8357061173991494
2025-07-02,0.022006186494914946,0.0254433872596341,0.048487659635496415,0.21682046092321153,0.44170410152180395,0.29502345260573093,0.59214782027961,0.6934278846901475,0.8362116036394692
2025-07-03,0.005180138732127701,0.013205056831258862,-0.0009508717039742181,0.2151560210452763,0.44165038867123085,0.2929932432010544,0.5897831773704386,0.6930650634025846,0.8354563448266643
2025-07-07,-0.017006165280178905,-0.006928288720193113,-0.07030746823112183,0.20966488467460484,0.44239394289378703,0.2858679739973813,0.5877235294969312,0.717076238543608,0.8308339776038791
2025-07-08,0.0002866150779150455,0.011062337827425507,0.013080034391201647,0.20917611218250395,0.4402757703489113,0.28619391665652494,0.5851726827035707,0.7156057934483864,0.8283414789489101
2025-07-09,0.005382631425266027,0.0178421286183096,-0.0065017325500732704,0.18589976887408777,0.4400019570764342,0.28294440467765464,0.5652008320409527,0.7156278308748707,0.8267462905218981
2025-07-10,0.0060151269530543785,0.007463177725139985,0.04619888796698487,0.17382084658030433,0.4388486418986742,0.2733586079023428,0.5620387560067783,0.6998307081924595,0.8278631631610992
2025-07-11,-0.005920119589912341,0.0049851158014279084,0.011678402804230398,0.17530997907438642,0.4382373093523991,0.27122899162961783,0.5390618138880378,0.7006426039508333,0.8265550860803433
2025-07-14,-0.0120906588630695,-0.005167970158442561,0.010755009205992924,0.17950686235762195,0.438428182502789,0.2624561822699646,0.5388506305266912,0.7015842229532926,0.822962913034557
2025-07-15,0.002353111754026148,0.03961919891268846,-0.01950100033828696,0.17929333353557025,0.4384712060617574,0.2587774988879888,0.5420352356917578,0.6974748511489341,0.8227121965285785
2025-07-16,0.0049760868229216364,0.003917790000818553,0.03444090895289647,0.17940986306922443,0.43859684451459724,0.2576596066792962,0.5313588635042075,0.7056905393179331,0.8184708687219486
2025-07-17,-0.0006684173082476396,0.009467732557748047,-0.0070506313168599444,0.17847177835097927,0.43765501126600487,0.2506210292286738,0.5308805689704346,0.7055357473913185,0.8185726763996867
2025-07-18,0.005524875931969807,-0.003416628971478576,0.031555941564684054,0.17863496147804847,0.430099043170268,0.2523158299502029,0.5223233368366941,0.7047663456462131,0.767919239948403
2025-07-21,0.006155613925464676,-0.005992745207448438,-0.0035250894982966565,0.17531978710174323,0.4274723572679599,0.24791017487906397,0.5223139020733227,0.5340490590047814,0.7660075325512513
2025-07-22,0.008975835068226244,-0.025712915835912682,0.01095984328057463,0.17136284599821544,0.4267574396613359,0.26444387534855496,0.5157205739590168,0.526190506446873,0.7571014536543206
2025-07-23,-0.0011702751481903206,0.022205371026235286,0.0013540556027952946,0.16653718500736753,0.4228426308103671,0.26885228745054285,0.5165233531775046,0.5119300934720776,0.7549777022434067
2025-07-24,-0.0018283683394446368,0.017185745776859843,-0.08552539520354979,0.16645172719831128,0.42178720565157696,0.2706585411843937,0.510849335045638,0.54729207657317,0.7672447664298497
2025-07-25,0.0005629310089079311,-0.0013824886994557148,0.034637169240125415,0.1539853673727155,0.4217692206603415,0.2683834871595887,0.5096128405309507,0.5575837720615326,0.7641798858175541
2025-07-28,0.0007969435295104397,0.018560825234540175,0.029706852145075558,0.15405693053800154,0.42164344213231075,0.2695390865379756,0.5058521837402973,0.5606098575245622,0.7590929303228509
2025-07-29,-0.013065299170385907,-0.007041082976190185,-0.013574939053426568,0.15326637589345057,0.42173029266449624,0.25987127226463735,0.5057322803128622,0.5592292434298615,0.7563585817115196
2025-07-30,-0.010547765132985736,0.021199418254214272,-0.006747495299132969,0.15598366905589472,0.42200043809375043,0.2608328099877067,0.5064643529095693,0.5583141546511685,0.7565453634890908
2025-07-31,-0.007126378387476865,-0.007840981085265621,-0.03434046443314308,0.15106031024903155,0.42085172439331314,0.2625101322865533,0.5065189988606514,0.5553555412073294,0.7547325145543652
2025-08-01,-0.025300461350217896,-0.023610825147405038,-0.018465085120289874,0.1701576619175654,0.42239602554784045,0.27694213283170827,0.5066933032156322,0.5546935492902908,0.7320051371030456
2025-08-04,0.004746609653515653,0.03551606035874313,0.02167140982724368,0.15828105846548654,0.4217916015748269,0.2848009748530375,0.5091370261777737,0.5589291239526242,0.7306626985941972
2025-08-05,-0.0021233003064025464,-0.009714776866883181,-0.0017476298179210416,0.1583129055348202,0.4215259369524997,0.2887871433208896,0.49825981236915606,0.5042245837928935,0.7240128211929653
2025-08-06,0.0496607217341477,0.006486992885776459,0.03560498900621041,0.21227051104531963,0.42956342665051384,0.28342748987497546,0.4963641048166753,0.5133152356589074,0.7262622596987923
2025-08-07,0.031301749906156834,0.007496911414178374,0.007349997273062192,0.22834222521737552,0.43047216272476246,0.26216476161762076,0.49507495198877527,0.5020000511868412,0.7235423967363718
2025-08-08,0.04147823429005983,0.010621127277924287,0.02264178205067275,0.2533907795348437,0.434851524646951,0.26261001212498497,0.49426711641370946,0.5062013305403923,0.7236146369777655
2025-08-11,-0.00834436110881825,-0.003509545168357097,0.028057113480860443,0.25584495734801604,0.4350304303942913,0.26132497502522606,0.49419338442073674,0.5119704424042165,0.7227965828505156
2025-08-12,0.01079052491102898,0.006024444531144858,0.005324559919586188,0.2521574467528437,0.435363759782764,0.2611630717178621,0.4941653697038603,0.5084650469957898,0.7179867755963897
2025-08-13,0.01592762517942368,-0.008609633397010435,-0.0042927354150751095,0.25328122392460145,0.40374892836063986,0.24285558892151715,0.4724560751983552,0.4793387906241849,0.7112561793663487
2025-08-14,-0.002364423000369888,0.002365432794219763,-0.011260045483128454,0.2479326519018468,0.3820779703752513,0.23561032897576092,0.4512442246576801,0.4621588339787925,0.6856895592900376
2025-08-15,-0.005134965651094284,-0.008663796156588324,-0.015072192130277872,0.2489755676022613,0.37632994967669003,0.23741130345543437,0.44962050598665393,0.4647580854059301,0.6845926015728201
2025-08-18,-0.0030329312677172403,0.008608849592108527,0.013819843813812054,0.24255581753531502,0.3652936048475478,0.23537447641982193,0.44826860696262655,0.41274666001711946,0.6786225116890102
2025-08-19,-0.001433007171424549,-0.03562917058046597,-0.017608473377750986,0.24278684052470217,0.2790164669376984,0.2617692650786145,0.3578584801725221,0.41668656598053905,0.5892525399300637
2025-08-20,-0.01992604878332185,-0.0013675215806399136,-0.016564730190051315,0.2516820373492555,0.27094994572954006,0.25827159660186566,0.34033036796417987,0.4197636433478866,0.5753521954056426
2025-08-21,-0.004932795248316734,-0.002397671982697151,-0.011770139452006403,0.2522795660200773,0.26347964114000083,0.2581958429771734,0.33785666837715994,0.4011531715180996,0.5758446591682075
2025-08-22,0.012660638347800913,0.01705762039338189,0.06031034221711833,0.2529948489138762,0.26191656060645085,0.2616988163433007,0.3382339565336882,0.4355972065133334,0.5838504362613613
2025-08-25,-0.002642824072703712,0.010174506376309188,0.01919634833911025,0.24970077718634162,0.26194594150846784,0.26154850488868336,0.33805958804395814,0.43763510224565544,0.5844257758210564
2025-08-26,0.00939427453169651,0.010842613275425208,0.014521858588614886,0.25040564741264215,0.25290956777973594,0.23890725727428727,0.3124330944297219,0.43353364226381896,0.5774664913706503
2025-08-27,0.005142519831230042,-0.0009357884700175334,-0.005903592088740212,0.25041688742991897,0.25215859909570837,0.23899953787009276,0.30692924326624493,0.4246931955355922,0.5776553731172588
2025-08-28,0.00895780272092981,-0.00790649074950895,-0.010408673862549105,0.25070677736083674,0.24981800541198548,0.23954391372875447,0.2947789608969883,0.42547912652826875,0.5682112101035308
2025-08-29,-0.0018110478840770935,-0.03381542026781032,-0.035629274265387964,0.25107712714915986,0.24417427134270106,0.2601228099206447,0.3016468558896533,0.4303639282721857,0.5680214121084064
2025-09-02,-0.01049946735846874,-0.01971535503653068,-0.013600318191794164,0.25399224384618957,0.24205494183354603,0.26600017552862193,0.299951161850378,0.43215423819814386,0.5627632159355612
2025-09-03,0.03741073967443217,-0.0009374268321825185,0.014259040294779576,0.2728301722629187,0.24789616769922068,0.2547372649122486,0.2958284181563332,0.43298045544365094,0.5605927021299325
2025-09-04,0.005446864767537137,0.006077625065745144,0.013202296961289547,0.27250184604204114,0.24793901950749653,0.24708446245355176,0.2891729959786866,0.4346139590143431,0.5395074136092951
2025-09-05,-0.00037613624934107394,-0.027405447706568782,0.03571756436546221,0.2722733547409381,0.24792066471608698,0.2541014019059,0.2910476815784458,0.36180961683998575,0.5424623132862807
2025-09-08,-0.007552589083338813,0.007694869308226809,-0.012736102394900752,0.27413533676887464,0.24830453259583027,0.25543889207695586,0.291066348535947,0.3536326817464587,0.5420736297658583
2025-09-09,-0.014979169599017832,0.014453249857178605,0.0016441441896894679,0.2792933995793169,0.24966310951976492,0.25296932524541393,0.291343785027885,0.3444894960195046,0.5385874372965964
2025-09-10,-0.032767021315810246,0.03775768148673683,0.0023605284724501348,0.2945943262771111,0.25596713478142386,0.27616040258657265,0.2947004763565622,0.34126153304785517,0.5384118615170981
2025-09-11,0.014168457215616357,-0.0008463340138997587,0.058682756931876884,0.293862628906626,0.24838010783386377,0.2689916726938218,0.29282590034428885,0.37647483835082524,0.5454827223202778
2025-09-12,0.01740075423761069,0.0036622854128590615,0.07098107834108847,0.2949512440915648,0.24335637271169777,0.26828836649833326,0.29226233187533124,0.40399154016084055,0.5552738831529772
2025-09-15,0.01119470264630209,-0.00039375615752734657,0.03499203129181561,0.28208731163308154,0.24377226099314755,0.25881007593415906,0.2921339984575411,0.40287423177012416,0.5564882338249079
2025-09-16,0.006118807992295965,-0.016278967584761106,0.027849718516960553,0.2820936986590589,0.24280212255427555,0.2413239103528902,0.2910395921775766,0.40480625276493787,0.5578612103770367
2025-09-17,0.0035276367843748166,-0.026598699765616476,0.010006219326091236,0.2812749815392848,0.24271434267955982,0.25139746486956566,0.2956338871781894,0.40318890558366743,0.556207843533935
2025-09-18,-0.004664167961371722,0.03434581911632629,-0.021384208901630078,0.24941022578338637,0.24292135235090584,0.27128982462811135,0.2993859326260875,0.4064457457568947,0.553360014226755
2025-09-19,0.03150780883890329,0.002437021240708083,0.021877207162645185,0.24960915077254045,0.22698829239243765,0.2703732840070479,0.28796491925366696,0.4081654235539849,0.5443814884214481
2025-09-22,0.04219394607930313,0.03853249686940385,0.018924636021071674,0.25055753188279617,0.23650365375532306,0.2918353459660976,0.28103634018365925,0.40725132253418905,0.5397417885494226
2025-09-23,-0.006437200860103619,-0.02861915670075277,-0.019441116453249467,0.2498199264364309,0.23679451290801024,0.3034280843212856,0.2791888838174956,0.41136916379244864,0.5373499588432983
2025-09-24,-0.008383140557542065,-0.008216603151667268,0.03900844543321052,0.25131806690344227,0.2372113721151912,0.3035052340251957,0.2795958825149064,0.4212163847843513,0.5401169696113839
2025-09-25,0.0179064621942767,0.004060461252201952,-0.04480187692627523,0.25225688710274585,0.23864885549125786,0.3030181987068894,0.27959408479112885,0.44762789984195556,0.5450864003849722
2025-09-26,-0.005514827705344035,0.0028100957063257716,0.03938966475449967,0.253025181465655,0.23783694988636464,0.30306030483069707,0.2795783790012866,0.45334165851229447,0.5469673800440458
2025-09-29,-0.004008493931390626,0.020332904251789925,0.00636029350689973,0.25272756008873526,0.23727780763467568,0.30805618387632155,0.28033232405119035,0.4476473195631274,0.5469870542751747
2025-09-30,0.0007872466456574828,0.025679324239619886,0.0034011722897895214,0.2521591959206968,0.2333052494448661,0.31594843878406914,0.2801194628324521,0.44784770632202325,0.5446353373352577
2025-10-01,0.0031820262161693985,0.003531303830153645,0.03260701621881067,0.2517667917327042,0.2330701750023542,0.2964671056725996,0.2800412248489469,0.44514497074005865,0.5462290866957282
2025-10-02,0.006567654569068722,0.008774085163196286,-0.05240964351499056,0.24193915079673267,0.22620868142720965,0.29688309728833023,0.2789285571545063,0.4755859060721219,0.5539777289219807
2025-10-03,0.0034618934938466174,-0.006746552721737818,-0.014252461669591017,0.24037367057247477,0.2231585909142584,0.29776918107412753,0.2755710346137308,0.4766223715020629,0.5438693635453814
2025-10-06,-0.0051778287093623265,-0.011148746016733248,0.05305406795551709,0.2407223527415211,0.22354238073422364,0.29686432642371924,0.27629719060880387,0.4703662527234384,0.5496217331623477
2025-10-07,-0.000820008246030596,-0.002698619945161507,-0.04549829103674976,0.24034390095012798,0.2234576299017743,0.295895923401876,0.27227979893936655,0.49557259442574586,0.5554855389282201
2025-10-08,0.006153146604317213,0.02175800157078695,0.012847454693686654,0.2399003303568781,0.22351068966126464,0.30071651834619756,0.268336620263126,0.49538798108383786,0.5523935425963312
2025-10-09,-0.015691046404954702,0.01813181781040473,-0.007206372767093116,0.24649934584357472,0.2256247883496698,0.30452656846699755,0.2685680566415098,0.4957055996574146,0.5521691914312583
2025-10-10,-0.03515893077779455,-0.05010230424999312,-0.051953310150347105,0.2696839627536388,0.23410540355519957,0.33900706379096873,0.2802765685505337,0.5225200723671733,0.5596659498491622
2025-10-13,0.009715721052683205,0.027784051772726727,0.05277952886988957,0.27042106886190553,0.23433350372633044,0.33167585046237763,0.28333925565764584,0.5242226595359906,0.562264541282207
2025-10-14,0.0004449028365161935,-0.04502158516861086,-0.01539665618542014,0.2678177453011663,0.23330963389649784,0.3538422851536578,0.29328531733629604,0.5249176979019265,0.49680890342821693
2025-10-15,0.006328497248344145,-0.0011116052723124299,0.013674596176595898,0.2469719110053243,0.23222241152316986,0.35385418449466516,0.2929146346168729,0.5248678908534437,0.49420398568118135
2025-10-16,-0.007623310086038439,0.0109508311867517,-0.014816800755373014,0.24805311718056441,0.23154607222736068,0.3546525162900652,0.29317848669012564,0.5290951999717171,0.4904928970851354
2025-10-17,0.019367473190764973,0.00772585415977455,0.024331315729866188,0.25360468658188634,0.2332231352907306,0.34386443669347255,0.2930909943856606,0.5249011402161238,0.483986637938877
2025-10-20,0.038676809746893234,-0.0031707876992028198,0.018314786688287826,0.2735451053618344,0.23802079621664785,0.34404145199854924,0.29272317193794395,0.5222088738217235,0.4846199113267002
2025-10-21,0.0020228628489106244,-0.00813683086286403,-0.010853673281354382,0.2680837431371568,0.23802193938590796,0.34357959282255673,0.2925281298377795,0.5248904351661962,0.4832127696432027
2025-10-22,-0.016569973334068667,-0.004869690327139937,-0.008235354006706502,0.2525365212989786,0.23859397635549792,0.32680244058903923,0.2900701560646475,0.5267946529351539,0.4828871667891784
2025-10-23,0.0043709575440634045,0.01037479644062657,0.02254726971007946,0.2508190636941126,0.23831547425505634,0.32800127937907747,0.2890544695740486,0.5064600527362572,0.48376115299271977
2025-10-24,0.012389640850152712,0.02225933380509604,-0.03457917871634091,0.24891087846697607,0.23705279025200438,0.33372801615444914,0.29070567757760835,0.4815721950990115,0.4825666039611859
2025-10-27,0.022540624895185744,0.0276935072646394,0.042211787325708315,0.2539365864901628,0.2392217624741301,0.3421320315870777,0.2934714584011056,0.48616772318958656,0.48632353192294936
2025-10-28,0.000707911875909433,0.04862104107228569,0.017810475504555157,0.2540730060317159,0.2371445837019938,0.36231800995952285,0.302176787204259,0.48261641261378113,0.48685234945065653
2025-10-29,0.0026037806705881505,0.029459304704026336,0.0020822947462769224,0.25410393895394623,0.23714364533628865,0.3566956771647889,0.30521638964436343,0.48215501368221136,0.4699618157053731
2025-10-30,0.006258468406749212,-0.020249039051759093,-0.04750174836347581,0.2528254210077715,0.2366771611216637,0.3547695114126588,0.30569144794067277,0.4991253050392729,0.4754423920111086
2025-10-31,-0.0037726123821838664,-0.001973555011992477,0.03671815241140685,0.2403145448733735,0.23692661982074298,0.35524333728203417,0.29863291469198644,0.5061148619924423,0.47352779419169255
2025-11-03,-0.004903427358079213,0.021449460418089344,0.025538455621586277,0.2109042119682258,0.23710610943638785,0.3443243256807773,0.30021220957899575,0.5083602473518083,0.47467374852539385
2025-11-04,0.003679822763358302,-0.040395086415808114,-0.05284860522056246,0.20956825176748795,0.23705786392985304,0.35552114354969877,0.30794485167235575,0.5296774245250305,0.4838263651404643
2025-11-05,0.0003709474039123086,-0.017670816260157776,0.03930641812651638,0.20732874432753856,0.23537944572264324,0.35928431103450054,0.30979793034936964,0.5298618893013887,0.486025395119156
2025-11-06,-0.0013731932607440077,-0.03721044002500523,-0.035599256820994296,0.20216443897652528,0.2349119199038389,0.37792312204684064,0.3121151703262727,0.523519232961267,0.4804475708584927
2025-11-07,-0.00483973991102202,0.0003721325898185287,-0.03744883182068438,0.20196637308361295,0.23302080437629694,0.3779378415479086,0.3096549419850951,0.5228509887783593,0.4796267212739177
2025-11-10,0.004542585165502973,0.0563194430070093,0.035922696461522546,0.20140199186754598,0.23300336044175754,0.4065685303205147,0.3222237361035747,0.5333013916708778,0.4826340282869715
2025-11-11,0.021354432563465017,-0.030038720438524232,-0.012680285175909176,0.20905378180552137,0.23270241090605642,0.41161471265714816,0.3264260944946775,0.5344852793461126,0.4669469578518437
2025-11-12,-0.006494003121197843,0.003308009425867774,-0.020731132469664827,0.2107050166459118,0.23320501918226927,0.4116040210488539,0.32608881636902104,0.5281947599982366,0.4686068121783225
2025-11-13,-0.0019051114023671632,-0.03646894260666515,-0.06875237224253561,0.2106462997344052,0.23330921596171889,0.4249890466480741,0.3313015744307145,0.5436034445723089,0.4839204363499007
2025-11-14,-0.0019454901979179674,0.017559667120445585,0.005853626854104141,0.2109079554174466,0.23338620845631855,0.42764539559314285,0.33224324937930033,0.5430158134992228,0.47849714010610594
2025-11-17,-0.018355262535663937,-0.018952126642780766,0.011238698346982101,0.21805590848485815,0.23561682714008514,0.4300756644137993,0.3339706183935323,0.5191511375821081,0.47847501292175026
2025-11-18,-7.485029943605759e-05,-0.0284848306802463,-0.018934863444587675,0.2180005976067195,0.2343428363863841,0.43800109554931554,0.33752385557249553,0.5059885893135163,0.47968175950009306
2025-11-19,0.004183012635325325,0.028055991220444398,0.0068054507353294495,0.21770405738924764,0.2343533360437867,0.44117224955820067,0.33432821230620574,0.5046927434255337,0.4782640992548372
2025-11-20,-0.008646719666077923,-0.03203411680488971,-0.021922251255757013,0.2138321589315354,0.23510315954861158,0.44672537877673313,0.33881775319455903,0.5076163886863692,0.4770419276451907
2025-11-21,0.019507729033942423,-0.009791455139311709,-0.010530161397427303,0.18949116948262776,0.23671488588765982,0.4237999684528027,0.33892088725321173,0.48684373795675756,0.4772702763490288
2025-11-24,0.01616418445065147,0.020310042083576698,0.06601726565613959,0.19225477485255407,0.23771930429898852,0.41995750254734837,0.34049168545118347,0.5010574225342391,0.4866531999556026
2025-11-25,0.003801804097614473,-0.02625376262087468,0.003870140285309159,0.19201697821049532,0.23766329774345413,0.4061731464502711,0.3432849161291356,0.4994948642436313,0.4865455753147786
2025-11-26,0.0020938635808886432,0.013629211697201927,0.016974804145056668,0.19191420226006234,0.23744962786891627,0.40819429385660627,0.3411133250641156,0.5004150834841921,0.486938137675804
2025-11-28,0.004677277002226196,-0.01825154236239605,0.008380556782181301,0.1889491938458677,0.2373679802288374,0.4102055500468451,0.3406583246470146,0.4992286963191355,0.4870217577872232
2025-12-01,0.01514019978901763,0.016363492045865714,-6.974230222173655e-05,0.18634366967467508,0.23809653897824448,0.4125400059231223,0.34054635251321885,0.49392228231065693,0.4635360337269403
2025-12-02,0.010830684675077938,0.008523407810551149,-0.002094534033909186,0.15618727822733464,0.23840093618830488,0.41329977854836075,0.34080375295776,0.4906246004641135,0.46068530439036276
2025-12-03,-0.00716043775433583,-0.010359342566416607,0.0399605668464841,0.15890277245057036,0.23900473371997383,0.41371988629414364,0.3398985622552163,0.5040225502230352,0.46265842347215386
2025-12-04,-0.01219181531801526,0.020939711529091957,0.017287148134442987,0.15475622086739052,0.23884113352806344,0.4179778069259391,0.34143722110502356,0.5056875669626316,0.46231261139744406
2025-12-05,-0.006869928264420994,-0.005303601922931532,0.0010335009110966468,0.15716581836423335,0.23832128690094886,0.4172513681684311,0.3397613256265655,0.5016090288758847,0.4619904454298026
2025-12-08,-0.0032005781164828476,0.01706748680778353,-0.034477693361822714,0.15504492713427967,0.237928855737212,0.41511557779846525,0.34064875074340073,0.5015475375726797,0.46202270081904506
2025-12-09,-0.002560636148038398,-0.0031307377401490854,0.012636506097017067,0.14255951072616474,0.23319416875979507,0.40669313248116307,0.3382647684527465,0.48726846151891534,0.4606808540575997
2025-12-10,0.005761214264521292,-0.006454259693718747,0.014008393067343273,0.14320374441194567,0.23321548645195722,0.37846622399281366,0.33328669661322186,0.4861476395720469,0.4600401378906683
2025-12-11,-0.002696436946280585,-0.015629173941733798,-0.010152145434989745,0.1435829238266422,0.23325678621911047,0.36726973838517535,0.3339328024406753,0.4868394575346682,0.4605626237228381
2025-12-12,0.0008996204208811804,-0.03320996302331999,0.02665058097511722,0.14272986796865014,0.21983181153957354,0.3739618850957344,0.3383823665598616,0.47261738720370755,0.45907011938201797
2025-12-15,-0.015112542319216092,0.007230113189966792,0.03500416244859672,0.1495540950098117,0.21659676927932567,0.37554086134328907,0.3383653108683005,0.4715291904129885,0.46196287368144495
2025-12-16,0.0018241522752541282,0.00807891177005567,0.030193240410874244,0.14871482661448146,0.20629182901162962,0.36942594208296065,0.33816013581589494,0.473792396133316,0.4629826899242542
2025-12-17,-0.010111087349525932,-0.038896660329835825,-0.04727461522727544,0.15166650702405166,0.20656427070074085,0.36820412138376385,0.344239123128485,0.46848230543035974,0.4692026721708888
2025-12-18,0.0012878775720812853,0.01854695566259761,0.033896558012283605,0.15169594136645095,0.2060312182235969,0.3723241836174689,0.3455668392953518,0.46495604674157126,0.4719340487117412
2025-12-19,0.0053910463381771035,0.038582207720310666,-0.004499421837570857,0.15231920999973486,0.2047502913145946,0.3779914403417796,0.3514270857116923,0.45194634627252056,0.47194431230613243
2025-12-22,-0.009887423647858402,0.014807773037192643,0.015527205645663913,0.1545459773460661,0.20556704092054415,0.3808441214870045,0.35228346953915096,0.4370510487547052,0.4716396936319283
2025-12-23,0.005121319890447225,0.02960795518569678,-0.006507325716584768,0.15469171382210592,0.20531790244795933,0.3528742715939016,0.3553940302006028,0.427575682535643,0.4708670320430664
2025-12-24,0.005278024201529116,-0.0031761182805900893,-0.00032957073710190474,0.1422497022800849,0.2052334968682655,0.34255829078022687,0.35518234410640126,0.42515891526761523,0.4706499007332614
2025-12-26,-0.0014999362595565682,0.010128271419913706,-0.02125856923653283,0.14105329705887046,0.20523660963260534,0.34383571419628,0.3502596899439605,0.4254206626544236,0.4711662829508881
2025-12-29,0.001317137611757435,-0.01219817105235138,-0.03327114966653515,0.14098595703322153,0.20188976385560042,0.3286742924015861,0.3509269223324774,0.38358425897567583,0.4740588443143681
2025-12-30,-0.0024893847970617455,-0.0036193354391626667,-0.011399688035029425,0.14106328115652586,0.2016886813977309,0.3246859134494285,0.35096424677750704,0.3862921847698806,0.47402460045013084
2025-12-31,-0.004445023206978488,-0.005560916907608812,-0.010418719472844623,0.13064186018244833,0.20119930355575438,0.32035006979110436,0.35003190851588417,0.3878097815694217,0.4648759291631784
2026-01-02,-0.0031343942175888284,0.01252181007459562,-0.026246451922947098,0.1310681284422387,0.20123294393530142,0.31058074648960066,0.35023719901287204,0.39198773186787567,0.4666384091475493
2026-01-05,-0.013946708757989706,-0.0038729920816185518,0.03057310973364795,0.13697164641927384,0.2025810184089485,0.3003415682039779,0.3498776982948294,0.4000022868880165,0.4685683043063704
2026-01-06,-0.01852184790430416,-0.004688840644977339,-0.04230647970983657,0.14503990634303635,0.20529839437497266,0.2848265388030025,0.3499740936176767,0.41542248410577576,0.4744016867560678
2026-01-07,-0.007736538013852043,0.009937639907311656,-0.0035864309529579884,0.13342530950466538,0.2054701470321469,0.2839501735335149,0.35005715094347173,0.41393638461959664,0.474018304709244
2026-01-08,-0.0049721623375153755,-0.021756838415997935,0.010124508481054334,0.12289556776018301,0.20567209395363845,0.2863575518744771,0.3472768056920327,0.3696408161119003,0.4697744590254241
2026-01-09,0.0012743036497435292,-0.0009732360865520724,0.020913331313343345,0.12205561468352155,0.20471239886111947,0.2750183828769844,0.3455731092799758,0.3739033047664078,0.469879376671848
2026-01-12,0.0033902255378740515,0.00043266631286085767,0.008837043090233136,0.12250779449135808,0.19545452160036705,0.2725241313592678,0.3455602941940722,0.37180459301720686,0.4696102629137532
2026-01-13,0.003072081061321523,0.004693198095170794,-0.003927875073206661,0.12181743289346417,0.19534127636039195,0.2665936820621056,0.34550928520611257,0.3715953945871762,0.46946060214633734
2026-01-14,-0.004188045235398507,-0.014473758565077295,-0.018051031645568535,0.11024230235341018,0.19551891068726185,0.26675669290138926,0.34318133491799807,0.3757995630151131,0.46749817362866586
2026-01-15,-0.006760828549371135,0.021125073114569227,-0.001435456003686661,0.10282284382404709,0.19542630915007436,0.27245158122809476,0.3446530591746436,0.3757619065300245,0.46683760859768103
2026-01-16,-0.01044314521501279,-0.004393491850740797,-0.002442728393965085,0.10428778628883471,0.19452660682374348,0.27083149757897634,0.3440393290788578,0.3569036568108519,0.46691191561366113
2026-01-20,-0.03515987165362767,-0.044805737530191424,-0.042609305094350874,0.13697222366012876,0.1957391585608054,0.29515651884020255,0.3467670658559245,0.3725527052414276,0.47299471994303316
2026-01-21,0.00384701521241109,0.029056528227700194,0.028661050325653397,0.13873802348958023,0.19452312183587603,0.30733106133317156,0.350142458986381,0.38340117113517885,0.4654287920046273
2026-01-22,0.0028252026702313615,0.00825732636114228,0.0406958971952058,0.14011204709855127,0.19252643153879026,0.3041652490832317,0.35034879365052013,0.3895343077104926,0.4553213635219922
2026-01-23,-0.0012501765990199456,0.015194515301115546,-0.0006678391201225761,0.14025977750390042,0.19172451539767443,0.3072148521848444,0.351214849067833,0.38790669478500384,0.45176964874235714
2026-01-26,0.02926766619568986,-0.00641473306717909,-0.031350813562321944,0.1678699119315369,0.19746204197172992,0.30720711738841383,0.35025880124402897,0.3961563896361862,0.4526709950972685
2026-01-27,0.011145867529911205,0.010933733819528045,-0.00992965091994056,0.17275209698857358,0.1981715278135496,0.3047366360466254,0.347592418494957,0.3961133292963415,0.45269633288085276
2026-01-28,-0.0071174677688638785,0.015788139754133027,0.0012987617206653397,0.1729608860343284,0.19840798608072704,0.2891102726880049,0.343939197148424,0.3873335481900575,0.4512327381330367
2026-01-29,0.007156222201407236,0.005155858620870456,-0.035144297487814,0.17113339290687918,0.19182738879162872,0.28890917214163314,0.3440031355123229,0.3823302600813778,0.45362353785647996
2026-01-30,0.004639661895474244,-0.007194275634027085,0.032707733923764665,0.1718705226704641,0.178593511850482,0.2899350056419889,0.33832250194779456,0.3843711439841257,0.45585407129908906
2026-02-02,0.03977840125397522,-0.029306126585499245,-0.02018326709631759,0.20812799876338373,0.1901319644216409,0.2791909581988584,0.3384915212871984,0.3656216836542982,0.45594492214207855
2026-02-03,-0.001966641944461,-0.028803740139246563,0.00035554713151733863,0.20813612114182678,0.18956911519440459,0.2894424649519123,0.34171966621089545,0.348399031964242,0.45111797345562527
2026-02-04,0.02566781915201235,-0.034697300582390345,-0.03853273297333025,0.22088846862523065,0.19198831689343868,0.28501379079185196,0.34660255564525777,0.36206876450498254,0.4494952033834073
2026-02-05,-0.0021019069853493656,-0.013350098582575966,-0.021912681752540873,0.2188989667216527,0.19175382242838773,0.28288135434467415,0.34725671020961213,0.3592771761776182,0.4457941896417077
2026-02-06,0.007985444685023038,0.07577303020296758,0.03439571050200453,0.21956922001724136,0.19194063469425274,0.35136340564215834,0.36837816846391735,0.37870977748633344,0.44958321967739534
2026-02-09,-0.011729065827109895,0.024664987208958666,0.014992495010027116,0.22200508400923424,0.19311891111557314,0.35882827843591997,0.36818350297252134,0.38312236312558634,0.4503102990742359
2026-02-10,-0.0034287832242565278,-0.007924390350716327,0.018729850935780782,0.22219845239097843,0.1932107130638605,0.358324714733502,0.3683893890477694,0.3859296217387835,0.4479962267867382
2026-02-11,0.006628087923619858,0.007977009467253661,0.007170673271126081,0.22299009013236332,0.19321585879883968,0.3572973281704049,0.36833852134782014,0.37669508630605325,0.4395993362618104
2026-02-12,-0.05127419054863344,-0.01649948568082046,-0.026499764388311278,0.2683891778959255,0.21187835542423325,0.36046817324982583,0.3692099724890373,0.382345042424466,0.4411828057614791
2026-02-13,-0.022995738039161814,-0.022340347635443503,0.000886747970054095,0.275518660192073,0.21522537624116525,0.3659136723507861,0.3706356239753421,0.38180643323471763,0.43184505202047835
2026-02-17,0.03117675434949605,0.011746287647463674,-0.01644825566355533,0.2917601989020943,0.22145722863309544,0.36567761762088097,0.37114374072851747,0.377539373809948,0.4260500966900195
2026-02-18,0.0017795283267892476,0.01614192442569775,0.0016789346361267823,0.28917840642113996,0.22125284186928024,0.3687528078165891,0.3703294426348155,0.36484727614965284,0.4254620622488792
2026-02-19,-0.014364066906673809,-0.0004256677727356205,0.000947717651095202,0.2871499632868303,0.2209924646642859,0.3684911640866476,0.3690470963424577,0.3455014299986178,0.42532861105946074
2026-02-20,0.015233747259448463,0.01016634828292634,0.0002671426679154361,0.28961464869862824,0.21407513375083428,0.36854472084231177,0.3596656518554339,0.345496939363596,0.4163666562279641
2026-02-23,0.006029108624176231,0.009072616444311895,-0.029546903910115278,0.2895402339624048,0.21373209217804437,0.3634348770814427,0.3569842979927413,0.3529018765533637,0.4095257994914279
2026-02-24,0.02214386810430231,0.00676381350757862,0.02360436328550203,0.29599717017682714,0.21668730349618573,0.3637332891223848,0.34883830213358724,0.35456020418827877,0.4108306977294023
2026-02-25,0.007650530571124887,0.013954553056208052,0.01940117458771317,0.2964741159196208,0.21678952483251185,0.3655242675783058,0.3495191360962488,0.35886427471069754,0.4115023811305269
2026-02-26,-0.004678542106070572,-0.05610618406818346,-0.02135726108359292,0.29702992607467976,0.21651067573795438,0.4020779689799212,0.3618698952454312,0.36302780127622725,0.4122931416589816
2026-02-27,-0.03265793923204912,-0.04253845047228337,-0.014967792289017427,0.31282236072971664,0.22153284232854162,0.41864252493567256,0.368616625907971,0.36202638465172476,0.410823536168744
2026-03-02,0.002041974617639438,0.029417974806154563,0.00201035025452462,0.3120698567232111,0.21194658952862813,0.4231342256463927,0.3719344586522141,0.3622858202594656,0.40956018612836637
2026-03-03,-0.0036709788230805565,-0.013405987881248199,-0.027372114156769243,0.31055175546250474,0.21201642276295551,0.42459848829873886,0.37236474296598665,0.36921491673207135,0.4115956229933254
